dev_conll/AllTags/f1,dev_conll/BLEX/f1,dev_conll/CLAS/f1,dev_conll/LAS/f1,dev_conll/Lemmas/f1,dev_conll/MLAS/f1,dev_conll/Sentences/f1,dev_conll/Tokens/f1,dev_conll/UAS/f1,dev_conll/UFeats/f1,dev_conll/UPOS/f1,dev_conll/Words/f1,dev_conll/XPOS/f1,dev_loss/DEPREL,dev_loss/FEATS,dev_loss/HEAD,dev_loss/LEMMA_CHAR,dev_loss/UPOS,dev_loss/total,dev_score/DEPREL_ACC,dev_score/FEATS_ACC,dev_score/HEAD_ACC,dev_score/LEMMA_ACC,dev_score/UPOS_ACC,duration,signature,success,timestamp,ud_file,ud_version
0.30095376321791417,0.0011802891708468574,0.4858857086652897,0.5873937383371346,0.034211071946921,0.03462181567817449,1.0,1.0,0.7020526643168152,0.3394153016794526,0.8426290690441633,1.0,1.0,0.6624897718429565,2.190497875213623,0.7195451855659485,0.7802416086196899,1.505900263786316,1.4765918254852295,0.7492303108550998,0.506232538083509,0.7145694706524978,0.07498794035441174,0.8488429834144403,0:00:13.037285,es_ancora.ft.transformer.3.512.ah32.ak256.av256-8ec45d18,True,2019-05-10 14:57:09,es_pud-ud-test.conllu,2.3
0.4504174302586032,0.6231086657496562,0.6622126154450776,0.7351863164324984,0.9499083689676237,0.1609353507565337,1.0,1.0,0.7901649358582773,0.4587660354306658,0.949602932193036,1.0,1.0,0.16947920620441434,1.7838932275772097,0.2946402132511139,0.004925074055790901,1.331256628036499,0.946546733379364,0.8667456322179449,0.6450271422352044,0.7965649985193959,0.9837804571962108,0.9511400651465798,0:00:13.551358,es_ancora.ft.transformer.3.512.ah32.ak256.av256-8ec45d18,True,2019-05-10 14:57:23,es_ancora-ud-test.conllu,2.3
0.4573208086583623,0.6370515970515971,0.6747911547911548,0.7511741882785379,0.9536450888298958,0.16294840294840296,1.0,1.0,0.806309985705534,0.4653869716152746,0.9531345721870532,1.0,1.0,0.17313191294670105,1.8824279308319087,0.2883528470993042,0.0043568522669374925,1.332005262374878,0.9562881588935852,0.8764676862358165,0.6536631173600651,0.8128268376911693,0.9856238861133968,0.9547113961519488,0:00:11.951035,es_ancora.ft.transformer.3.512.ah32.ak256.av256-8ec45d18,True,2019-05-10 14:57:36,es_ancora-ud-dev.conllu,2.3
0.4304886794385821,0.4130522088353414,0.5369477911646586,0.6572072533551889,0.8561622784550763,0.11485943775100405,1.0,1.0,0.7624218830037905,0.4799713144145067,0.8860772461837927,1.0,1.0,0.27446651458740234,1.405163049697876,0.3324537575244904,0.010875453241169451,1.3668601512908936,0.961772620677948,0.7917699553792762,0.6549556876495283,0.7700545364402578,0.9583443366251992,0.8897372335151215,0:00:16.761081,es_ancora.ft.transformer.3.512.ah32.ak256.av256-8ec45d18,True,2019-05-10 14:57:53,es_gsd-ud-test.conllu,2.3
0.44422680412371135,0.3941854636591479,0.5341353383458647,0.6614432989690722,0.8391752577319588,0.13032581453634084,1.0,1.0,0.772680412371134,0.4852577319587629,0.8841237113402062,1.0,1.0,0.3414013385772705,1.6777747869491575,0.4049754142761231,0.014660639688372612,1.3808822631835938,1.0282292366027832,0.7915632754342432,0.6579301225931377,0.7811414392059554,0.9550330368151098,0.8884367245657568,0:00:12.865493,es_ancora.ft.transformer.3.512.ah32.ak256.av256-8ec45d18,True,2019-05-10 14:58:07,es_gsd-ud-dev.conllu,2.3
0.3668954996186117,0.6357069143446853,0.7692587871061738,0.8149504195270786,0.8630053394355454,0.10866266011048382,1.0,1.0,0.8700228832951945,0.4051868802440885,0.9137299771167048,1.0,1.0,0.15791794657707214,2.7343759536743164,0.1999656856060028,0.01555744931101799,1.2931220531463623,1.0033607482910156,0.8984901590725263,0.4450029254049057,0.8851442437314642,0.9675346815209201,0.807427878134268,0:00:19.477221,pl_lfg.ft.transformer.3.512.ah32.ak256.av256-e6d99b9e,True,2019-05-10 14:58:30,pl_lfg-ud-test.conllu,2.3
0.3687022900763359,0.6387542413960252,0.7746000969461949,0.8182442748091603,0.8664122137404581,0.11173048957828403,1.0,1.0,0.8738167938931297,0.4058015267175573,0.916030534351145,1.0,1.0,0.15819638967514038,2.9952118396759038,0.2164205610752105,0.014978746883571146,1.297527551651001,1.0348628759384155,0.9037995149555376,0.4451479311000725,0.8886418755052546,0.9694993260053708,0.8084074373484236,0:00:15.889839,pl_lfg.ft.transformer.3.512.ah32.ak256.av256-e6d99b9e,True,2019-05-10 14:58:46,pl_lfg-ud-dev.conllu,2.3
,,,,,,,,,,,,,,,,,,,,,,,,,pl_lfg.ft.transformer.3.512.ah32.ak256.av256-e6d99b9e,False,2019-05-10 14:58:56,pl_sz-ud-dev.conllu,2.3
,,,,,,,,,,,,,,,,,,,,,,,,,pl_lfg.ft.transformer.3.512.ah32.ak256.av256-e6d99b9e,False,2019-05-10 14:59:01,pl_sz-ud-test.conllu,2.3
0.4958532034003732,0.0010033109260559848,0.6088090699307716,0.7056811113414887,0.034211071946921,0.14066419183304907,1.0,1.0,0.8108024051420278,0.5279908770474808,0.8735227037113829,1.0,1.0,0.5307959914207458,2.124950647354126,0.4898784160614014,0.8075758814811707,1.4175031185150146,1.3538153171539309,0.8128910517429735,0.634305462940615,0.8187506207170523,0.0750744860462807,0.8788360313834541,0:00:22.412114,es_ancora.35.155ft.d0.3.transformer.3.256.ah4.ak128.av128-80161331,True,2019-05-10 15:00:16,es_pud-ud-test.conllu,2.3
0.8392384443086948,0.662997542997543,0.6932678132678133,0.7608430054978621,0.9679291386682956,0.509090909090909,1.0,1.0,0.8108328242720424,0.8540012217470984,0.964976583180615,1.0,1.0,0.16582489013671875,1.6794083118438718,0.30977582931518555,0.002776759676635265,1.3261430263519287,0.9351179003715516,0.8814529661435199,0.8829193047271188,0.8166025071562528,0.9869067310583448,0.9660448129503504,0:00:13.274636,es_ancora.35.155ft.d0.3.transformer.3.256.ah4.ak128.av128-80161331,True,2019-05-10 15:00:30,es_ancora-ud-test.conllu,2.3
0.8471513171329386,0.6831089712095902,0.7123906848776653,0.7772105370635083,0.9695732080865836,0.5233369362287511,1.0,1.0,0.8247906881764345,0.8606289565039821,0.9681437614866244,1.0,1.0,0.1675364077091217,1.7723095417022705,0.28489774465560913,0.002698546275496483,1.326156497001648,0.939847469329834,0.8895905278737051,0.8857632712351491,0.8306857424765663,0.9901216803950952,0.9692155895411941,0:00:11.830607,es_ancora.35.155ft.d0.3.transformer.3.256.ah4.ak128.av128-80161331,True,2019-05-10 15:00:43,es_ancora-ud-dev.conllu,2.3
0.7800430283782399,0.43719806763285024,0.5557568438003221,0.6725745312980227,0.8683536522897244,0.3723832528180354,1.0,1.0,0.7736912201618686,0.8303452515111157,0.8910972236451183,1.0,1.0,0.3074666857719421,1.3401145935058594,0.3951947391033173,0.011308325454592705,1.36584734916687,0.9756678342819214,0.8013882002974715,0.8519292639547956,0.7809618244918195,0.9613019272910198,0.8945959345562717,0:00:16.109594,es_ancora.35.155ft.d0.3.transformer.3.256.ah4.ak128.av128-80161331,True,2019-05-10 15:01:00,es_gsd-ud-test.conllu,2.3
0.7738144329896908,0.4160737548852591,0.5505561679527007,0.6732989690721649,0.8554639175257732,0.3741857901593346,1.0,1.0,0.7761855670103093,0.8306185567010309,0.8850515463917525,1.0,1.0,0.3817374110221863,1.6020309925079346,0.4729064404964447,0.014926237054169178,1.379533290863037,1.0437169075012207,0.796029776674938,0.8510474575603594,0.7845161290322581,0.9576069318054412,0.8893300248138958,0:00:12.515079,es_ancora.35.155ft.d0.3.transformer.3.256.ah4.ak128.av128-80161331,True,2019-05-10 15:01:13,es_gsd-ud-dev.conllu,2.3
0.3663615560640732,0.5166788410031653,0.7455563671779888,0.7983981693363844,0.7630053394355454,0.06050645239834429,1.0,1.0,0.8703279938977879,0.3684973302822273,0.9213577421815408,1.0,1.0,0.17994707822799685,2.8008387088775635,0.20526638627052307,0.02135640382766724,1.273809790611267,1.0083680152893066,0.8833243461849555,0.4045002106597787,0.8854138581827986,0.9417706067010948,0.930506875168509,0:00:38.237550,pl_lfg.ft.biLSTM.2.512-cb7454cd,True,2019-05-10 15:11:23,pl_lfg-ud-test.conllu,2.3
0.3668702290076336,0.5139908952959029,0.7511987860394537,0.7999236641221374,0.7620610687022901,0.06385432473444612,1.0,1.0,0.8690839694656488,0.3692366412213741,0.9254198473282442,1.0,1.0,0.19096340239048004,3.0699868202209486,0.22196508944034574,0.021712480112910267,1.2763867378234863,1.0427539348602295,0.8845324710320668,0.4028610588029958,0.8844651037456212,0.9417738777334438,0.9341821611425492,0:00:16.478404,pl_lfg.ft.biLSTM.2.512-cb7454cd,True,2019-05-10 15:11:40,pl_lfg-ud-dev.conllu,2.3
0.2167170584219253,0.4141869552149083,0.6251878569281635,0.6782405149712281,0.7225202379791279,0.018034265103697024,1.0,1.0,0.7667999609870282,0.21993562859650834,0.9051009460645664,1.0,1.0,0.3126973807811737,3.136256456375122,0.4142495393753052,0.02314576506614685,1.2836943864822388,1.1222835779190063,0.8096462452345066,0.284623971396141,0.7880131217306499,0.9316837186852772,0.91373348701126,0:00:15.104984,pl_lfg.ft.biLSTM.2.512-cb7454cd,True,2019-05-10 15:11:55,pl_sz-ud-dev.conllu,2.3
0.21949638955748926,0.3994271392767633,0.6145363408521304,0.6695056471023885,0.7214404739862988,0.016899391335481562,1.0,1.0,0.7633771523791891,0.22273653027217186,0.9006665432327347,1.0,1.0,0.3036579787731171,2.9841787815093994,0.4087736904621124,0.02320627681910992,1.2830958366394043,1.1034365892410278,0.8089236198638772,0.2864841645270177,0.7852281320897404,0.9318363469440696,0.9098395092849341,0:00:16.415787,pl_lfg.ft.biLSTM.2.512-cb7454cd,True,2019-05-10 15:12:12,pl_sz-ud-test.conllu,2.3
0.3720713249015136,0.0014035087719298245,0.6095238095238096,0.7038150528716567,0.034211071946921,0.08401002506265665,1.0,1.0,0.8081069873522704,0.4003732116939664,0.874766742691271,1.0,1.0,0.4556191861629486,2.1525678634643555,0.41546303033828735,0.757978618144989,1.4130712747573853,1.3082845211029053,0.8134869401132188,0.5499553596060065,0.8161684377793227,0.07504469162776843,0.8800278081239448,0:00:30.118113,es_ancora.35.155ft.d0.3.transformer.3.256.ah16.ak128.av128-80161331,True,2019-05-10 15:17:47,es_pud-ud-test.conllu,2.3
0.5457137039299532,0.64099793733425,0.6624103722620568,0.7378334351455915,0.9745469354510284,0.24673411256261665,1.0,1.0,0.7942374261861128,0.5579311749134596,0.96212583995113,1.0,1.0,0.1635095179080963,1.7432620525360107,0.29734304547309875,0.002055447082966566,1.3265531063079834,0.9384626150131226,0.8721745138683249,0.7126015780575891,0.8005132760833087,0.9901497418450332,0.9632810186556114,0:00:13.545194,es_ancora.35.155ft.d0.3.transformer.3.256.ah16.ak128.av128-80161331,True,2019-05-10 15:18:01,es_ancora-ud-test.conllu,2.3
0.5490095977128855,0.6635220125786163,0.6935927672955975,0.7623034510925056,0.9709005513579744,0.25019654088050314,1.0,1.0,0.8109046354911171,0.5587094139268941,0.9649785583010008,1.0,1.0,0.1679295301437378,1.8405964374542243,0.2891857326030731,0.0021321256645023823,1.326828122138977,0.9478262662887572,0.8818944252590034,0.7180826931660491,0.8172668968919585,0.989996473333399,0.9661568820917612,0:00:12.107324,es_ancora.35.155ft.d0.3.transformer.3.256.ah16.ak128.av128-80161331,True,2019-05-10 15:18:14,es_ancora-ud-dev.conllu,2.3
0.5303759860670013,0.4416574696498445,0.5610514698505067,0.6752381928081139,0.8784960557319946,0.1781880204675429,1.0,1.0,0.7799405798586211,0.5605982993545743,0.8931461940374962,1.0,1.0,0.26185396313667303,1.380892992019653,0.33383360505104065,0.008824716322124004,1.3617579936981201,0.9534047245979308,0.8054536440257809,0.7037916565017344,0.7870104115022309,0.9673231691736895,0.8965790778383739,0:00:16.395370,es_ancora.35.155ft.d0.3.transformer.3.256.ah16.ak128.av128-80161331,True,2019-05-10 15:18:31,es_gsd-ud-test.conllu,2.3
0.5470103092783505,0.4245216868676751,0.5587498747871381,0.6731958762886598,0.8644329896907217,0.19713512972052488,1.0,1.0,0.7756701030927835,0.5760824742268041,0.8890721649484536,1.0,1.0,0.3248796761035919,1.649910569190979,0.4118205606937408,0.011619201861321926,1.3763777017593384,1.0196688175201416,0.7996029776674938,0.7120485600420969,0.7840198511166253,0.96369416219292,0.8932009925558313,0:00:12.722426,es_ancora.35.155ft.d0.3.transformer.3.256.ah16.ak128.av128-80161331,True,2019-05-10 15:18:44,es_gsd-ud-dev.conllu,2.3
0.3749809305873379,0.3721770551038844,0.4540800963565192,0.5409610983981693,0.8415713196033562,0.07551942186088527,1.0,1.0,0.6500381388253241,0.3774218154080855,0.7531655225019069,1.0,1.0,0.3490537405014038,3.0076725482940674,0.41712486743927,0.013846941292285921,1.3635817766189575,1.1567082405090332,0.7450121326503101,0.4997921210062942,0.6907522243192236,0.9645274077609736,0.7818819088703155,0:00:36.229905,pl_lfg.ft.transformer.3.512.ah32.ak256.av256-fa12ec61,True,2019-05-10 15:20:16,pl_lfg-ud-test.conllu,2.3
0.372824427480916,0.3662378261392329,0.4514849104244319,0.5377862595419848,0.8409160305343512,0.0788745942046411,1.0,1.0,0.6509923664122137,0.375648854961832,0.7522137404580153,1.0,1.0,0.3513321280479431,3.292506217956543,0.4151763916015625,0.013155087828636171,1.3588852882385254,1.1828503608703609,0.7411075181891673,0.4987437137194832,0.6919967663702506,0.9655416634659568,0.7813257881972514,0:00:14.624688,pl_lfg.ft.transformer.3.512.ah32.ak256.av256-fa12ec61,True,2019-05-10 15:20:31,pl_lfg-ud-dev.conllu,2.3
,,,,,,,,,,,,,,,,,,,,,,,,,pl_lfg.ft.transformer.3.512.ah32.ak256.av256-fa12ec61,False,2019-05-10 15:20:40,pl_sz-ud-dev.conllu,2.3
,,,,,,,,,,,,,,,,,,,,,,,,,pl_lfg.ft.transformer.3.512.ah32.ak256.av256-fa12ec61,False,2019-05-10 15:20:44,pl_sz-ud-test.conllu,2.3
0.5269062941453461,0.8053275054755983,0.8322621769157404,0.8609637419557369,0.9725443415476376,0.28858439610262016,1.0,1.0,0.8932914770051797,0.5290723591272956,0.9823387223355832,1.0,1.0,0.09298599511384964,3.22987699508667,0.14656345546245575,0.0018540862947702406,1.3179593086242676,1.0349901914596558,0.9316914277577368,0.702502083668655,0.8991598632997911,0.9936919259601515,0.9833099962027719,0:04:11.695817,cs_pdt.40.200.ft.d0.3.transformer.3.256.ah16.ak128.av128-80161331,True,2019-05-10 15:25:57,cs_pdt-ud-dev.conllu,2.3
0.5256175821142699,0.7935251513832271,0.8243602766894016,0.852734842211795,0.968189345845984,0.28424427118375745,1.0,1.0,0.8880416781672646,0.5278141963382096,0.9805582390284294,1.0,1.0,0.10310286283493042,3.2659740447998047,0.1587618589401245,0.002026722067967057,1.3195205926895142,1.044392466545105,0.9266779316602464,0.700292686276133,0.894214103699518,0.991165597582619,0.9816300916593772,0:04:11.390807,cs_pdt.40.200.ft.d0.3.transformer.3.256.ah16.ak128.av128-80161331,True,2019-05-10 15:30:13,cs_pdt-ud-test.conllu,2.3
,,,,,,,,,,,,,,,,,,,,,,,,,cs_pdt.40.200.ft.d0.3.transformer.3.256.ah16.ak128.av128-80161331,False,2019-05-10 15:30:14,cs_cltt-ud-dev.conllu,2.3
,,,,,,,,,,,,,,,,,,,,,,,,,cs_pdt.40.200.ft.d0.3.transformer.3.256.ah16.ak128.av128-80161331,False,2019-05-10 15:30:20,cs_cltt-ud-test.conllu,2.3
0.4717553044915955,0.7705562064925219,0.8044661933972017,0.8297051529346927,0.9583907412510332,0.22496381556275416,1.0,1.0,0.8722329383668596,0.474970147882796,0.9677597134196748,1.0,1.0,0.14845503866672516,3.360121011734009,0.1871706992387772,0.009567052125930786,1.3280819654464722,1.076992750167847,0.9150491774741056,0.6549972904573917,0.8789276699451649,0.9855704749631644,0.969449038210462,0:00:17.574697,cs_pdt.40.200.ft.d0.3.transformer.3.256.ah16.ak128.av128-80161331,True,2019-05-10 15:30:38,cs_cac-ud-dev.conllu,2.3
0.4976482523286913,0.7624591793269914,0.8013630555161153,0.8330720280365213,0.9523194687817024,0.2429362487576317,1.0,1.0,0.8718989209628332,0.5008761412893111,0.9695656183712996,1.0,1.0,0.13836811482906342,3.1674916744232178,0.17872196435928345,0.008038886822760105,1.3262615203857422,1.052225947380066,0.9120313862249346,0.6759494938580434,0.8789014821272886,0.9857634406567032,0.9712292938099388,0:00:17.602836,cs_pdt.40.200.ft.d0.3.transformer.3.256.ah16.ak128.av128-80161331,True,2019-05-10 15:30:56,cs_cac-ud-test.conllu,2.3
0.501103040086091,0.7358790106951871,0.7750668449197861,0.8171105730427765,0.945332257196664,0.2341243315508021,1.0,1.0,0.8775894538606404,0.5073984396018294,0.966908797417272,1.0,1.0,0.2778582572937012,4.4302940368652335,0.27597859501838684,0.008448957465589045,1.3343241214752195,1.236963987350464,0.8929738562091504,0.6848631835196044,0.8838337418300654,0.9774336891125288,0.9685968137254902,0:00:20.276431,cs_pdt.40.200.ft.d0.3.transformer.3.256.ah16.ak128.av128-80161331,True,2019-05-10 15:31:17,cs_pud-ud-test.conllu,2.3
0.4797078893810607,0.7448638801740715,0.7965792935937658,0.834550460912247,0.9500778163534058,0.20190264143305334,1.0,1.0,0.8857895366934035,0.4898240153238357,0.9576200167604454,1.0,1.0,0.10359741002321243,2.6803863048553467,0.1337336152791977,0.003101661568507552,1.3298755884170532,0.9863980412483216,0.911291217941601,0.6704893657871251,0.8940823803708227,0.9860168582204216,0.9606972354835128,0:00:27.795192,cs_pdt.40.200.ft.d0.3.transformer.3.256.ah16.ak128.av128-80161331,True,2019-05-10 15:31:45,cs_fictree-ud-dev.conllu,2.3
0.4796884361893349,0.7322316540258175,0.7770355115776785,0.8188136608747754,0.952905931695626,0.19729770455572854,1.0,1.0,0.8720191731575794,0.4925104853205513,0.9559616536848412,1.0,1.0,0.1228909119963646,2.832988739013672,0.1612469106912613,0.002988986438140273,1.3310630321502686,1.0125498771667478,0.9038932146829812,0.6720887032749402,0.8812013348164628,0.9872086151396492,0.9591212458286984,0:00:26.578270,cs_pdt.40.200.ft.d0.3.transformer.3.256.ah16.ak128.av128-80161331,True,2019-05-10 15:32:12,cs_fictree-ud-test.conllu,2.3
0.3832189168573608,0.5609948437973916,0.7343645738550197,0.7929061784897025,0.8166285278413424,0.08771610555050045,1.0,1.0,0.8649122807017544,0.3855835240274599,0.9138825324180015,1.0,1.0,0.16375361382961273,2.793736934661865,0.17468476295471191,0.016523765400052067,1.2735731601715088,0.9961665272712708,0.8799541655432731,0.5300519081785925,0.8806282016716096,0.9560565194417828,0.9239013211108116,0:00:35.718216,pl_lfg.ft.transformer.3.512.ah32.ak256.av256-1649d016,True,2019-05-10 15:33:43,pl_lfg-ud-test.conllu,2.3
0.3812213740458015,0.5669872376459203,0.7420310893364785,0.7974809160305344,0.8201526717557251,0.08988084437186232,1.0,1.0,0.8690076335877862,0.3838167938931298,0.9206106870229008,1.0,1.0,0.1710970401763916,3.0611476898193364,0.19388148188591006,0.016270380467176437,1.2760107517242432,1.0297383069992063,0.8830503907302614,0.5285784762289366,0.8843977364591754,0.95779879444298,0.92993802209647,0:00:14.086004,pl_lfg.ft.transformer.3.512.ah32.ak256.av256-1649d016,True,2019-05-10 15:33:58,pl_lfg-ud-dev.conllu,2.3
,,,,,,,,,,,,,,,,,,,,,,,,,pl_lfg.ft.transformer.3.512.ah32.ak256.av256-1649d016,False,2019-05-10 15:34:06,pl_sz-ud-dev.conllu,2.3
,,,,,,,,,,,,,,,,,,,,,,,,,pl_lfg.ft.transformer.3.512.ah32.ak256.av256-1649d016,False,2019-05-10 15:34:10,pl_sz-ud-test.conllu,2.3
0.6338672768878718,0.7970591809454368,0.8524729614777008,0.8861174675819985,0.9441647597254004,0.3994410013367359,1.0,1.0,0.9196796338672768,0.6405797101449275,0.9662852784134248,1.0,1.0,0.13415402173995972,2.508380651473999,0.17995506525039673,0.006880813278257847,1.2533426284790041,0.9487591981887816,0.9392693448368832,0.8050725147292724,0.9290239956861688,0.9879026371901012,0.9702076031275276,0:00:36.572874,pl_lfg.35.100.ft.transformer.3.256.ah16.ak128.av128-80161331,True,2019-05-10 15:35:43,pl_lfg-ud-test.conllu,2.3
0.6412977099236641,0.8036850718225347,0.8642948057458028,0.8939694656488549,0.9431297709923664,0.4117825322746833,1.0,1.0,0.9263358778625954,0.6472519083969466,0.97,1.0,1.0,0.12667766213417053,2.74403715133667,0.17453530430793762,0.006405519787222147,1.2531574964523315,0.9691603183746338,0.9436135812449474,0.8090333739078651,0.9349905685798976,0.9885077830863996,0.9735246564268392,0:00:15.503720,pl_lfg.35.100.ft.transformer.3.256.ah16.ak128.av128-80161331,True,2019-05-10 15:35:58,pl_lfg-ud-dev.conllu,2.3
0.4038817906954062,0.6338419905284522,0.7019469292640758,0.7448551643421437,0.9085145810982151,0.18010974968052318,1.0,1.0,0.812347605578855,0.4104164634741052,0.9495757339315324,1.0,1.0,0.4139648675918579,2.8677337169647217,0.5055315494537354,0.014725275337696075,1.2638267278671265,1.1269655227661133,0.8558382835357744,0.5722604952159847,0.8294175015515558,0.977676204778562,0.954162603067648,0:00:13.563414,pl_lfg.35.100.ft.transformer.3.256.ah16.ak128.av128-80161331,True,2019-05-10 15:36:12,pl_sz-ud-dev.conllu,2.3
0.3986298833549343,0.6237035977397897,0.6892210857592447,0.7344936122940197,0.9061284947231996,0.17552392532722982,1.0,1.0,0.8124421403443807,0.4052027402332901,0.9480651731160896,1.0,1.0,0.4084823131561279,2.726016044616699,0.5043713450431824,0.015413288958370687,1.2630635499954224,1.1109814643859863,0.8500966305352491,0.5717575381706581,0.8297622048567347,0.9770481575839,0.9528611041088983,0:00:14.750747,pl_lfg.35.100.ft.transformer.3.256.ah16.ak128.av128-80161331,True,2019-05-10 15:36:27,pl_sz-ud-test.conllu,2.3
0.364836003051106,0.5871570769604273,0.7596504005826656,0.8123569794050344,0.8260869565217391,0.1011167759164846,1.0,1.0,0.8781083142639207,0.4023646071700992,0.8788710907704043,1.0,1.0,0.16792118549346924,2.75166392326355,0.1922619640827179,0.010156175121665,1.2928193807601929,1.0045478343963623,0.8880425990833108,0.5542751932354717,0.8922890266918306,0.9590075937123728,0.8929630628201671,0:00:36.270758,pl_lfg.ft.transformer.3.256.ah16.ak128.av128-1a3472fb,True,2019-05-10 15:37:59,pl_lfg-ud-test.conllu,2.3
0.3664885496183206,0.5843009192065796,0.7608853410740203,0.8111450381679389,0.8272519083969465,0.10316884373488147,1.0,1.0,0.877557251908397,0.4022900763358779,0.8881679389312978,1.0,1.0,0.17957499623298645,3.013637065887451,0.2305488288402557,0.010094771161675451,1.296296000480652,1.0430389642715454,0.8899218539477229,0.5552548420958943,0.8919428725410941,0.9602808624638584,0.9013069253570466,0:00:14.771782,pl_lfg.ft.transformer.3.256.ah16.ak128.av128-1a3472fb,True,2019-05-10 15:38:14,pl_lfg-ud-dev.conllu,2.3
,,,,,,,,,,,,,,,,,,,,,,,,,pl_lfg.ft.transformer.3.256.ah16.ak128.av128-1a3472fb,False,2019-05-10 15:38:23,pl_sz-ud-dev.conllu,2.3
,,,,,,,,,,,,,,,,,,,,,,,,,pl_lfg.ft.transformer.3.256.ah16.ak128.av128-1a3472fb,False,2019-05-10 15:38:27,pl_sz-ud-test.conllu,2.3
0.4116704805491991,0.7364651614469532,0.8153678077203205,0.8546147978642258,0.920366132723112,0.1250303471716436,1.0,1.0,0.9014492753623188,0.4244851258581236,0.9517925247902363,1.0,1.0,0.13018420338630676,2.6469030380249023,0.15985533595085144,0.007405939511954784,1.2598485946655271,0.9609832763671876,0.9197222971151252,0.6028001962378444,0.9129145322189268,0.983230772982894,0.9574009166891344,0:00:35.702013,pl_lfg.ft.transformer.3.512.ah32.ak256.av256-e6b3d08f,True,2019-05-10 15:44:07,pl_lfg-ud-test.conllu,2.3
0.41381679389312975,0.7390988372093024,0.8213420542635659,0.8589312977099237,0.9232824427480916,0.1305717054263566,1.0,1.0,0.904885496183206,0.4266412213740458,0.9552671755725192,1.0,1.0,0.12881657481193542,2.898841381072998,0.16224361956119535,0.007017119787633419,1.2605915069580078,0.9865871667861938,0.9234033953112368,0.6039230424797509,0.9160603610886552,0.9843617658040592,0.9605227701428186,0:00:14.007229,pl_lfg.ft.transformer.3.512.ah32.ak256.av256-e6b3d08f,True,2019-05-10 15:44:21,pl_lfg-ud-dev.conllu,2.3
,,,,,,,,,,,,,,,,,,,,,,,,,pl_lfg.ft.transformer.3.512.ah32.ak256.av256-e6b3d08f,False,2019-05-10 15:44:30,pl_sz-ud-dev.conllu,2.3
,,,,,,,,,,,,,,,,,,,,,,,,,pl_lfg.ft.transformer.3.512.ah32.ak256.av256-e6b3d08f,False,2019-05-10 15:44:34,pl_sz-ud-test.conllu,2.3
0.7770404271548437,0.8057545222775282,0.8673060580308365,0.8967963386727689,0.9431731502669718,0.6003399295860143,1.0,1.0,0.9293668954996186,0.7846681922196796,0.974599542334096,1.0,1.0,0.13140809535980225,2.486910343170166,0.1633690446615219,0.009502733126282692,1.249178171157837,0.9411816596984864,0.944122404960906,0.8839790617274496,0.937584254516042,0.9869096282985668,0.9775545969263952,0:00:35.900073,pl_lfg.ft.transformer.3.256.ah16.ak128.av128-80161331,True,2019-05-10 15:46:06,pl_lfg-ud-test.conllu,2.3
0.7783969465648855,0.8059411943013034,0.8685056077599272,0.8958015267175573,0.944732824427481,0.6011518642012731,1.0,1.0,0.92793893129771,0.7861068702290076,0.9766412213740459,1.0,1.0,0.14668114483356476,2.7251992225646973,0.17867296934127808,0.009214826859533787,1.2495088577270508,0.9719828367233276,0.9444219886822959,0.8850555633081476,0.9364052815952574,0.9881280501101636,0.9793856103476152,0:00:14.312644,pl_lfg.ft.transformer.3.256.ah16.ak128.av128-80161331,True,2019-05-10 15:46:21,pl_lfg-ud-dev.conllu,2.3
,,,,,,,,,,,,,,,,,,,,,,,,,pl_lfg.ft.transformer.3.256.ah16.ak128.av128-80161331,False,2019-05-10 15:46:30,pl_sz-ud-dev.conllu,2.3
,,,,,,,,,,,,,,,,,,,,,,,,,pl_lfg.ft.transformer.3.256.ah16.ak128.av128-80161331,False,2019-05-10 15:46:34,pl_sz-ud-test.conllu,2.3
0.4420289855072464,0.7459603936338234,0.8307617543433362,0.8685736079328756,0.884744469870328,0.15235086866723366,1.0,1.0,0.9099923722349352,0.4454614797864226,0.9587337909992372,1.0,1.0,0.13471856713294986,2.6129136085510254,0.1682421863079071,0.016887795180082318,1.2574208974838257,0.9615518450737,0.9285521703963332,0.5150977171522136,0.9204637368562956,0.951255317938552,0.9635346454569964,0:00:36.329222,pl_lfg.ft.transformer.3.512.ah32.ak256.av256-76fb0a5a,True,2019-05-10 15:48:07,pl_lfg-ud-test.conllu,2.3
0.4452671755725191,0.745953809783597,0.8310601927623205,0.8693129770992366,0.8848854961832061,0.1612414378371825,1.0,1.0,0.9111450381679388,0.449236641221374,0.960381679389313,1.0,1.0,0.13371281325817108,2.8603179454803467,0.17056910693645475,0.017355680465698242,1.258207082748413,0.9870163798332214,0.9293317165184586,0.5153677928899272,0.9215844785772028,0.952085486542516,0.9650363783346808,0:00:14.846288,pl_lfg.ft.transformer.3.512.ah32.ak256.av256-76fb0a5a,True,2019-05-10 15:48:22,pl_lfg-ud-dev.conllu,2.3
,,,,,,,,,,,,,,,,,,,,,,,,,pl_lfg.ft.transformer.3.512.ah32.ak256.av256-76fb0a5a,False,2019-05-10 15:48:31,pl_sz-ud-dev.conllu,2.3
,,,,,,,,,,,,,,,,,,,,,,,,,pl_lfg.ft.transformer.3.512.ah32.ak256.av256-76fb0a5a,False,2019-05-10 15:48:35,pl_sz-ud-test.conllu,2.3
0.4303585049580473,0.6445940209811413,0.7840640349281426,0.8318840579710145,0.8594965675057208,0.1300103086532048,1.0,1.0,0.890465293668955,0.4335621662852784,0.9454614797864226,1.0,1.0,0.16513127088546753,2.663858413696289,0.207592248916626,0.007962603121995926,1.262226104736328,0.9822908639907836,0.9030736047452144,0.6108483452293851,0.9032084119708816,0.9683844995985642,0.9518064168239416,0:00:36.662171,pl_lfg.ft.transformer.3.512.ah32.ak256.av256-bbd00bcd,True,2019-05-10 15:50:08,pl_lfg-ud-test.conllu,2.3
0.4331297709923664,0.6462115710481724,0.7870975550714113,0.8340458015267176,0.8634351145038168,0.13628661341079645,1.0,1.0,0.8913740458015267,0.43587786259541983,0.946793893129771,1.0,1.0,0.17180870473384854,2.9184794425964355,0.2077002823352813,0.00755247613415122,1.2643486261367798,1.0104026794433594,0.9058205335489088,0.6130254393429381,0.904136351387766,0.9705598402476804,0.9530450013473456,0:00:15.301074,pl_lfg.ft.transformer.3.512.ah32.ak256.av256-bbd00bcd,True,2019-05-10 15:50:23,pl_lfg-ud-dev.conllu,2.3
,,,,,,,,,,,,,,,,,,,,,,,,,pl_lfg.ft.transformer.3.512.ah32.ak256.av256-bbd00bcd,False,2019-05-10 15:50:33,pl_sz-ud-dev.conllu,2.3
,,,,,,,,,,,,,,,,,,,,,,,,,pl_lfg.ft.transformer.3.512.ah32.ak256.av256-bbd00bcd,False,2019-05-10 15:50:37,pl_sz-ud-test.conllu,2.3
0.4989633008500933,0.0010028078620136383,0.5996791014841556,0.6997719261870206,0.034211071946921,0.15463297232250306,1.0,1.0,0.8071739581173544,0.5294422558573502,0.8765291312461124,1.0,1.0,0.4982215762138367,2.1200122833251958,0.4542081952095032,0.7812588214874268,1.4108741283416748,1.3281500339508057,0.8100109246201211,0.6425895960727964,0.8152746052239547,0.07508441751911811,0.8817161585063065,0:00:29.472907,es_ancora.ft.transformer.3.256.ah16.ak128.av128-1b4632f0,True,2019-05-10 15:52:00,es_pud-ud-test.conllu,2.3
0.7955609855426593,0.6549420318333661,0.6832383572411083,0.7526980248421908,0.9724088780289148,0.4560817449400668,1.0,1.0,0.8002443494196702,0.8110364487884342,0.9619222154347384,1.0,1.0,0.16255302727222445,1.6901705265045166,0.2952633500099182,0.0021569093223661184,1.3269145488739014,0.9327044486999512,0.8792814134833679,0.8714265777050748,0.8063369854900799,0.9890819703005076,0.9630836047774158,0:00:13.679090,es_ancora.ft.transformer.3.256.ah16.ak128.av128-1b4632f0,True,2019-05-10 15:52:15,es_ancora-ud-test.conllu,2.3
0.8012048192771084,0.6715845382118619,0.7018786269302646,0.7706759240351235,0.9718194813150908,0.4668043670699321,1.0,1.0,0.8212170716765367,0.8144782519910149,0.9664080049009598,1.0,1.0,0.16966964304447174,1.7833585739135742,0.2945650815963745,0.0022110671270638704,1.327420353889465,0.9439290761947632,0.8863344844597928,0.87552513880079,0.8272323630981746,0.9898842826220596,0.967538233843118,0:00:12.163371,es_ancora.ft.transformer.3.256.ah16.ak128.av128-1b4632f0,True,2019-05-10 15:52:28,es_ancora-ud-dev.conllu,2.3
0.7411125909230611,0.4410081333467216,0.5572848679586304,0.6761602294846839,0.8751152545845713,0.3393915051712019,1.0,1.0,0.7844483147218523,0.7857801454768979,0.8898678414096917,1.0,1.0,0.28143492341041565,1.3456621170043943,0.3491649031639099,0.010138927027583122,1.3645979166030884,0.9595915675163268,0.8001983143282102,0.8411695607180212,0.7913733267228558,0.9643452802637232,0.8934060485870104,0:00:16.739607,es_ancora.ft.transformer.3.256.ah16.ak128.av128-1b4632f0,True,2019-05-10 15:52:45,es_gsd-ud-test.conllu,2.3
0.7443298969072165,0.41977537103890894,0.5555555555555556,0.6762886597938145,0.8636082474226804,0.3415563578018452,1.0,1.0,0.7830927835051547,0.7931958762886598,0.8897938144329897,1.0,1.0,0.34738168120384216,1.608938455581665,0.4192748069763184,0.013029605150222778,1.376636266708374,1.0231697559356692,0.8013895781637718,0.8458899523415627,0.7911662531017369,0.9633425364269019,0.8938957816377171,0:00:12.972221,es_ancora.ft.transformer.3.256.ah16.ak128.av128-1b4632f0,True,2019-05-10 15:52:59,es_gsd-ud-dev.conllu,2.3
0.7313501144164759,0.8096944663791532,0.8671566543157383,0.8967963386727689,0.9438596491228072,0.5368401870861933,1.0,1.0,0.9283752860411899,0.7391304347826086,0.9730739893211288,1.0,1.0,0.13201601803302765,2.4868288040161133,0.1571163684129715,0.007409195415675641,1.248979091644287,0.939452052116394,0.9447290374764088,0.8590711344060533,0.9367080075492048,0.9880475176902372,0.9762065246697222,0:00:36.519995,pl_lfg.35.100.ft.d0.7.transformer.3.256.ah16.ak128.av128-80161331,True,2019-05-10 15:58:38,pl_lfg-ud-test.conllu,2.3
0.7322900763358778,0.8139478471801092,0.8793208004851425,0.9033587786259542,0.942290076335878,0.5446937537901758,1.0,1.0,0.9345801526717558,0.7383969465648855,0.9758015267175572,1.0,1.0,0.1271933615207672,2.722019910812378,0.15446074306964874,0.007373565807938577,1.249214768409729,0.9613432884216307,0.9480598221503638,0.8591906290560812,0.9422662355160334,0.9881603069936734,0.9786445701967124,0:00:14.992354,pl_lfg.35.100.ft.d0.7.transformer.3.256.ah16.ak128.av128-80161331,True,2019-05-10 15:58:53,pl_lfg-ud-dev.conllu,2.3
0.4370428167365649,0.6357217966050773,0.7067748234940664,0.7504145128255145,0.902077440749049,0.19918882379450206,1.0,1.0,0.8205403296596118,0.44533307324685456,0.9518189798107872,1.0,1.0,0.4258574545383453,2.8561899662017822,0.5020232200622559,0.017771709710359573,1.2614506483078003,1.12765634059906,0.8584094334604132,0.5976068122279778,0.8368649702987854,0.9752102055375828,0.9562017909389128,0:00:12.948127,pl_lfg.35.100.ft.d0.7.transformer.3.256.ah16.ak128.av128-80161331,True,2019-05-10 15:59:06,pl_sz-ud-dev.conllu,2.3
0.43917793001296057,0.6278039719959995,0.6945277896842406,0.741714497315312,0.9072394001110904,0.20502928989855693,1.0,1.0,0.8167931864469543,0.4465839659322348,0.9536197000555452,1.0,1.0,0.4288827180862427,2.714427947998047,0.5053741931915283,0.01786637306213379,1.259429931640625,1.1139198541641235,0.8537937988404336,0.6017162588168601,0.8337114528190909,0.9763332796051256,0.9579026972523318,0:00:14.303422,pl_lfg.35.100.ft.d0.7.transformer.3.256.ah16.ak128.av128-80161331,True,2019-05-10 15:59:21,pl_sz-ud-test.conllu,2.3
0.4721127928675098,0.0010043185698503565,0.5925479562117103,0.6906489736678416,0.034211071946921,0.1400020086371397,1.0,1.0,0.8011611030478955,0.5024880779597761,0.8736263736263736,1.0,1.0,0.5555208921432495,2.1195111274719243,0.495924711227417,0.7900095582008362,1.4572656154632568,1.376151442527771,0.8033568378190485,0.6294850570744241,0.8095143509782501,0.07508441751911811,0.8404012315026318,0:00:29.956530,es_ancora.35.155ft.d0.7.transformer.3.256.ah16.ak128.av128-80161331,True,2019-05-10 16:00:43,es_pud-ud-test.conllu,2.3
0.7689879861535329,0.6404028436018957,0.6652843601895735,0.7383424964365709,0.9701690083486052,0.4227883096366509,1.0,1.0,0.7944410507025046,0.7843616371411118,0.9607004683363876,1.0,1.0,0.16658011078834534,1.6937412023544312,0.3077476918697357,0.0026718550361692905,1.3296830654144287,0.938078224658966,0.8702990820254664,0.8551713211688726,0.8007106899615043,0.9890628000192704,0.9344585924390484,0:00:13.479354,es_ancora.35.155ft.d0.7.transformer.3.256.ah16.ak128.av128-80161331,True,2019-05-10 16:00:58,es_ancora-ud-test.conllu,2.3
0.7659791709209721,0.6529405969855187,0.6817062358388336,0.7569940780069431,0.969266898100878,0.4236035858536105,1.0,1.0,0.8125382887482132,0.7814988768633857,0.9628343884010618,1.0,1.0,0.1717635691165924,1.789954423904419,0.2931202054023743,0.002927717752754689,1.3313624858856201,0.9469736218452454,0.8790330537740503,0.8559004627998169,0.8188455846077948,0.9893063008966736,0.9324124321657622,0:00:11.905939,es_ancora.35.155ft.d0.7.transformer.3.256.ah16.ak128.av128-80161331,True,2019-05-10 16:01:11,es_ancora-ud-dev.conllu,2.3
0.7300481508042209,0.4294626685449789,0.5473938418192795,0.6651982378854625,0.8740907693883824,0.3232038639565305,1.0,1.0,0.7730765290441554,0.7727691834852987,0.8955025099887307,1.0,1.0,0.2776552438735962,1.345086693763733,0.3539501428604126,0.009867116808891295,1.3650410175323486,0.959699809551239,0.7972235994050569,0.8325588568595478,0.7803668815071889,0.9653463477248804,0.8683192860684185,0:00:16.592492,es_ancora.35.155ft.d0.7.transformer.3.256.ah16.ak128.av128-80161331,True,2019-05-10 16:01:27,es_gsd-ud-test.conllu,2.3
0.7286597938144329,0.4063377456879262,0.5389089450461292,0.6630927835051547,0.8608247422680413,0.3229041315683915,1.0,1.0,0.7755670103092783,0.778041237113402,0.8897938144329897,1.0,1.0,0.33899158239364624,1.6090539693832395,0.4155805110931397,0.01277519203722477,1.3798344135284424,1.0218803882598877,0.7934491315136476,0.8356368309110221,0.7839205955334988,0.9617192628160359,0.8592555831265508,0:00:12.685601,es_ancora.35.155ft.d0.7.transformer.3.256.ah16.ak128.av128-80161331,True,2019-05-10 16:01:41,es_gsd-ud-dev.conllu,2.3
0.490877047480821,0.0012065151819827071,0.6189422883571285,0.7092058884511715,0.034211071946921,0.1449829077015886,1.0,1.0,0.8118391042919345,0.522911051212938,0.8733153638814016,1.0,1.0,0.5138334035873413,2.118661880493164,0.5157777070999146,0.8070120811462402,1.4157453775405884,1.3531057834625244,0.8145794021253352,0.6345236341465945,0.8197437680007945,0.07505462310060584,0.8786374019267057,0:00:30.195249,es_ancora.35.155ft.transformer.3.256.ah16.ak128.av128-80161331,True,2019-05-10 16:03:04,es_pud-ud-test.conllu,2.3
0.7823253919771941,0.6590416091500689,0.6809307828830605,0.7538179596823458,0.97648136835675,0.4281206862551765,1.0,1.0,0.8076766442679698,0.7975972307065771,0.9635512115658724,1.0,1.0,0.16310617327690125,1.6911665201187134,0.31943100690841675,0.0016967576229944825,1.3254966735839844,0.9369519948959352,0.8777021024578028,0.8552327055258598,0.8135425920442207,0.9908669125651652,0.9646629158029808,0:00:13.883965,es_ancora.35.155ft.transformer.3.256.ah16.ak128.av128-80161331,True,2019-05-10 16:03:19,es_ancora-ud-test.conllu,2.3
0.7829283234633451,0.6786556603773585,0.7020440251572327,0.7732285072493363,0.9761078211149684,0.43651729559748426,1.0,1.0,0.824688584847866,0.7971206861343679,0.9630385950581988,1.0,1.0,0.17063522338867188,1.7852439880371094,0.2997179925441742,0.0019325144821777946,1.3281885385513306,0.9457041025161744,0.8845584607794771,0.8585549447537567,0.8305870744943266,0.9912772826408476,0.9642821904292056,0:00:12.345619,es_ancora.35.155ft.transformer.3.256.ah16.ak128.av128-80161331,True,2019-05-10 16:03:32,es_ancora-ud-dev.conllu,2.3
0.7303554963630775,0.4371859296482412,0.5569849246231156,0.6738039135334495,0.8758323942219035,0.3210050251256281,1.0,1.0,0.7781989550250998,0.7739985657207253,0.8936584366355906,1.0,1.0,0.2907750010490417,1.3457577228546145,0.3758350312709808,0.010699817910790443,1.3645144701004028,0.9673687219619752,0.8010907288051562,0.827857136954927,0.7853247397124442,0.9649219775707129,0.8970748636588993,0:00:16.977974,es_ancora.35.155ft.transformer.3.256.ah16.ak128.av128-80161331,True,2019-05-10 16:03:49,es_gsd-ud-test.conllu,2.3
0.7337113402061856,0.41924467657693854,0.551627159501808,0.6732989690721649,0.8631958762886598,0.31880273202089193,1.0,1.0,0.7819587628865979,0.7823711340206185,0.8856701030927835,1.0,1.0,0.3618305027484894,1.6084940433502195,0.4514256417751312,0.013969083316624165,1.3789539337158203,1.0345613956451416,0.7975186104218362,0.8315708929063731,0.7900744416873449,0.9621783507366616,0.8899255583126551,0:00:13.127161,es_ancora.35.155ft.transformer.3.256.ah16.ak128.av128-80161331,True,2019-05-10 16:04:03,es_gsd-ud-dev.conllu,2.3
0.36909532483302976,0.5830954994511526,0.6552140504939626,0.7275652701882209,0.9281724347298118,0.0964873765093304,1.0,1.0,0.7914389799635702,0.40698239222829385,0.903885853066181,1.0,1.0,0.21648436784744265,2.0689129829406743,0.3458165526390076,0.0068821292370557785,1.317150354385376,0.9904714226722716,0.8596813023042531,0.5787791553759438,0.8031067293362375,0.9832339709744321,0.9092628682792616,0:00:44.876384,de_gsd.37.120.ft.d0.3.transformer.3.256.ah16.ak128.av128-80161331,True,2019-05-10 16:05:41,de_gsd-ud-test.conllu,2.3
0.3743980738362761,0.6164028776978417,0.6912230215827339,0.7625200642054575,0.925601926163724,0.11553956834532375,1.0,1.0,0.8178972712680578,0.4154093097913323,0.9081861958266452,1.0,1.0,0.20736537873744965,2.311645984649658,0.32272690534591675,0.008543900214135647,1.3169945478439329,1.008184552192688,0.8766782320108614,0.589574858498969,0.8288580479710363,0.9820505018124,0.9137124754864988,0:00:16.191527,de_gsd.37.120.ft.d0.3.transformer.3.256.ah16.ak128.av128-80161331,True,2019-05-10 16:05:57,de_gsd-ud-dev.conllu,2.3
0.2977884209043527,0.5827335028662558,0.6479893108055688,0.7235760905291825,0.9234633986007421,0.05879056937200983,1.0,1.0,0.8037751796027609,0.3467624548058412,0.8513405643987416,1.0,1.0,0.42096200585365295,3.946742057800293,0.4917179346084595,0.00825607217848301,1.3896474838256836,1.295146107673645,0.8366074632221027,0.4304546827152713,0.81256727664155,0.9767555634405471,0.8580014352350197,0:00:23.883686,de_gsd.37.120.ft.d0.3.transformer.3.256.ah16.ak128.av128-80161331,True,2019-05-10 16:06:22,de_pud-ud-test.conllu,2.3
0.4279176201372998,0.7736570561456753,0.8341122913505311,0.8690312738367658,0.9346300533943556,0.14846737481031866,1.0,1.0,0.9109077040427156,0.44195270785659796,0.9532418001525552,1.0,1.0,0.13381531834602356,2.5988006591796875,0.191904217004776,0.0051144687458872795,1.261458158493042,0.9637224674224854,0.9285521703963332,0.5171725566444207,0.9212725802102992,0.9856633130606496,0.9586815853329742,0:00:40.877896,pl_lfg.40.100.ft.d0.3.transformer.3.256.ah16.ak128.av128-80161331,True,2019-05-10 16:07:58,pl_lfg-ud-test.conllu,2.3
0.4325190839694657,0.7751486470088581,0.8414027423856328,0.8743511450381679,0.9353435114503816,0.15714112365004246,1.0,1.0,0.9145038167938933,0.4463358778625954,0.953969465648855,1.0,1.0,0.13323643803596494,2.845536708831787,0.1840052753686905,0.004899090155959129,1.2627840042114258,0.9872806072235109,0.9305443276744813,0.517042711556448,0.9245486391808138,0.9866391032193308,0.9593775262732416,0:00:16.115328,pl_lfg.40.100.ft.d0.3.transformer.3.256.ah16.ak128.av128-80161331,True,2019-05-10 16:08:15,pl_lfg-ud-dev.conllu,2.3
0.2402223739393348,0.6037537537537537,0.6708708708708708,0.7171559543548229,0.902077440749049,0.060960960960960965,1.0,1.0,0.7903052765044377,0.25524236808738904,0.9326050911928216,1.0,1.0,0.3503222167491913,2.957939863204956,0.5073174834251404,0.009481947869062424,1.2722374200820925,1.1233272552490234,0.8415639684369182,0.35233391267548353,0.8093802642078198,0.9772885325361156,0.9387357035198156,0:00:14.009850,pl_lfg.40.100.ft.d0.3.transformer.3.256.ah16.ak128.av128-80161331,True,2019-05-10 16:08:29,pl_sz-ud-dev.conllu,2.3
0.24551009072394,0.5996853546910755,0.6596109839816934,0.7088502129235327,0.9036289576004444,0.06507437070938216,1.0,1.0,0.7879096463617848,0.2606924643584521,0.9317718940936864,1.0,1.0,0.3390837013721466,2.8172523975372314,0.5010587573051453,0.009701854549348354,1.2719576358795166,1.1051121950149536,0.8360641962860264,0.3553245917627306,0.8074951684732375,0.9775917457296172,0.9380724308881606,0:00:15.235995,pl_lfg.40.100.ft.d0.3.transformer.3.256.ah16.ak128.av128-80161331,True,2019-05-10 16:08:44,pl_sz-ud-test.conllu,2.3
0.07111903122595277,0.002114371855361303,0.002231836958436931,0.010773156210765055,0.6264765839104667,3.915503435854265e-05,1.0,1.0,0.18986675306791947,0.34966857019426784,0.07223954747343836,1.0,1.0,2.730334520339966,4.008044242858887,2.213914394378662,0.06050397828221321,1.999333024024964,2.5409631729125977,0.1277569540343263,0.3666666666666665,0.21077135529690275,0.6567332248881232,0.09617939106990203,0:02:21.524911,ar_padt.22.400.ft.d0.3.transformer.3.256.ah16.ak128.av128-80161331,True,2019-05-10 16:12:05,ar_nyuad-ud-test.conllu,2.3
,,,,,,,,,,,,,,,,,,,,,,,,,ar_padt.22.400.ft.d0.3.transformer.3.256.ah16.ak128.av128-80161331,False,2019-05-10 16:13:58,ar_nyuad-ud-dev.conllu,2.3
0.31422505307855625,0.0,0.4748797632260451,0.5217622080679406,0.0,0.02996670366259712,1.0,1.0,0.6386797915460336,0.359148812970469,0.7602779386218876,1.0,1.0,0.7571771144866943,4.021832466125488,0.9095936417579652,2.0878660678863525,1.4724686145782468,2.031597137451172,0.7105372186162132,0.5126305541673999,0.6552962298025135,0.06823213786503803,0.7712562721539382,0:00:20.705262,ar_padt.22.400.ft.d0.3.transformer.3.256.ah16.ak128.av128-80161331,True,2019-05-10 16:14:19,ar_pud-ud-test.conllu,2.3
0.4749831804822776,0.5041136089713357,0.6413561808939894,0.6966467193088064,0.8143479338550335,0.17780223235340356,1.0,1.0,0.7647037994405297,0.4864204525335505,0.9369356609185228,1.0,1.0,0.2057679295539856,1.9614452123641968,0.36836907267570496,0.030828826129436493,1.306597352027893,0.9822662472724916,0.8368948824343015,0.6682753461000499,0.7702282157676349,0.9385948115172916,0.9384163208852004,0:00:46.289009,ar_padt.22.400.ft.d0.3.transformer.3.256.ah16.ak128.av128-80161331,True,2019-05-10 16:15:05,ar_padt-ud-test.conllu,2.3
0.4909608635189723,0.4946663723975576,0.6462149635841977,0.6967419376200251,0.8020660883385207,0.1882831849726575,1.0,1.0,0.7659426528044501,0.5002979935103635,0.9404344083173298,1.0,1.0,0.2387317717075348,2.314269542694092,0.4473617076873779,0.03827303647994995,1.308519721031189,1.0444103479385376,0.8410800385728062,0.6725278787229669,0.7727740276438444,0.9354014572357108,0.9421729347476696,0:00:35.651095,ar_padt.22.400.ft.d0.3.transformer.3.256.ah16.ak128.av128-80161331,True,2019-05-10 16:15:42,ar_padt-ud-dev.conllu,2.3
0.2864399751192204,0.001194981079466242,0.5765783708424617,0.6768608749740825,0.034211071946921,0.048994224258115913,1.0,1.0,0.7916234708687538,0.3463611859838275,0.8345428156748912,1.0,1.0,0.4791256785392761,2.169801950454712,0.4211982190608978,0.7800476551055908,1.4422850608825684,1.3371556997299194,0.7871685370940511,0.5192293370548331,0.8003773959678221,0.0750744860462807,0.8414936935147482,0:00:29.382702,es_ancora.ft.transformer.2.256.ah32.ak256.av256-b212f0b1,True,2019-05-10 16:17:04,es_pud-ud-test.conllu,2.3
0.44766849928731417,0.6373367377000884,0.6675832269468722,0.7430258603135818,0.9663001425371616,0.19444171658646764,1.0,1.0,0.7990226023213195,0.4880879657910813,0.9280187334555079,1.0,1.0,0.1620827466249466,1.7596489191055298,0.2793116867542267,0.002923522610217333,1.3480792045593262,0.9471184015274048,0.8727667555029118,0.6723113737812272,0.8051525022209062,0.9878236978695966,0.9302141940578422,0:00:13.179318,es_ancora.ft.transformer.2.256.ah32.ak256.av256-b212f0b1,True,2019-05-10 16:17:18,es_ancora-ud-test.conllu,2.3
0.4485399224014703,0.6371960224475731,0.6710642906369991,0.7505615683071268,0.9654890749438432,0.17879295067441173,1.0,1.0,0.8087604655911783,0.4890749438431693,0.9283234633449052,1.0,1.0,0.17671090364456174,1.85794198513031,0.28475087881088257,0.002921324688941241,1.3518489599227903,0.9635769724845886,0.87084361124815,0.6763340948778604,0.8151948692649236,0.9884948541016626,0.9307350764676864,0:00:11.726089,es_ancora.ft.transformer.2.256.ah32.ak256.av256-b212f0b1,True,2019-05-10 16:17:31,es_ancora-ud-dev.conllu,2.3
0.4118430488679439,0.4248819214149332,0.5440659230228118,0.6697059727486938,0.8715295563979101,0.12099286503868956,1.0,1.0,0.7728716320049175,0.4738244032373733,0.8630263292695419,1.0,1.0,0.2598010003566742,1.3929574489593506,0.3332907855510712,0.009521336294710636,1.3775484561920166,0.96205872297287,0.7999008428358949,0.6579642036794869,0.7801685671789786,0.9634219131554278,0.8674268715914725,0:00:16.143750,es_ancora.ft.transformer.2.256.ah32.ak256.av256-b212f0b1,True,2019-05-10 16:17:47,es_gsd-ud-test.conllu,2.3
0.4197938144329897,0.4082329317269076,0.5479919678714861,0.6715463917525774,0.8580412371134021,0.13052208835341367,1.0,1.0,0.7769072164948454,0.4845360824742268,0.8551546391752577,1.0,1.0,0.32430362701416016,1.6633917093276978,0.3812317252159119,0.012099100276827812,1.3968565464019775,1.0251144170761108,0.7980148883374691,0.6660806484435406,0.7852109181141439,0.960554611366024,0.860545905707196,0:00:12.543018,es_ancora.ft.transformer.2.256.ah32.ak256.av256-b212f0b1,True,2019-05-10 16:18:00,es_gsd-ud-dev.conllu,2.3
0.3838291380625477,0.4819598568916378,0.7274270814383603,0.7874904652936691,0.7463768115942029,0.0941119398459766,1.0,1.0,0.8652173913043478,0.3864988558352403,0.8971014492753623,1.0,1.0,0.18021832406520846,2.8180227279663086,0.19300401210784912,0.016200101003050804,1.2833750247955322,1.011195182800293,0.8731464006470747,0.5229946182964651,0.8808978161229442,0.9315949620063748,0.9090725262874092,0:00:40.583522,pl_lfg.ft.biLSTM.3.256-e4dafa0d,True,2019-05-10 16:19:36,pl_lfg-ud-test.conllu,2.3
0.3809923664122137,0.48774880513037705,0.7373706818319318,0.7925954198473283,0.7479389312977099,0.10030854861153124,1.0,1.0,0.8691603053435114,0.3836641221374046,0.903206106870229,1.0,1.0,0.1954362690448761,3.0881752967834486,0.2018859386444092,0.0164756178855896,1.2860472202301023,1.045196294784546,0.8750336836432229,0.5211127422567411,0.8845324710320668,0.9335172886310578,0.91457828078685,0:00:18.736471,pl_lfg.ft.biLSTM.3.256-e4dafa0d,True,2019-05-10 16:19:56,pl_lfg-ud-dev.conllu,2.3
0.2342728957378329,0.3999099639855943,0.6198979591836735,0.6745342826489807,0.7173510192138887,0.04456782713085234,1.0,1.0,0.7666048961279626,0.2366136740466205,0.8801326441041646,1.0,1.0,0.2910472750663757,3.148710966110228,0.3920903503894806,0.01645407825708389,1.2931610345840454,1.1167449951171875,0.8062771522298076,0.3792929746863181,0.787835801046192,0.9278358736103718,0.8910364394006561,0:00:17.263333,pl_lfg.ft.biLSTM.3.256-e4dafa0d,True,2019-05-10 16:20:13,pl_sz-ud-dev.conllu,2.3
0.2409738937233845,0.3875116096306351,0.6081303136386369,0.6670986854286244,0.7134789853730791,0.04558119597056512,1.0,1.0,0.7663395667468987,0.2431031290501759,0.8778004073319755,1.0,1.0,0.2816305756568909,2.9963762760162367,0.3628644943237305,0.016585750505328182,1.2924429178237915,1.092985987663269,0.8016133098058986,0.3843870914871563,0.7879169817662381,0.9271313115857748,0.8890849508444668,0:00:18.683202,pl_lfg.ft.biLSTM.3.256-e4dafa0d,True,2019-05-10 16:20:32,pl_sz-ud-test.conllu,2.3
0.6594960049170252,0.6046880875778214,0.6664438223373584,0.7280979622712874,0.9241170630230248,0.30735804119834537,1.0,1.0,0.7850692638645926,0.6880525743463666,0.9033615431894472,1.0,1.0,0.2469992488622665,1.4439493417739868,0.4035843014717102,0.0098998062312603,1.3719106912612915,0.9752919673919678,0.8608126410835214,0.8120206940413579,0.7947629796839729,0.9751722379702028,0.9077200902934536,0:00:41.067786,en_ewt.35.170.ft.d0.3.transformer.3.256.ah16.ak128.av128-80161331,True,2019-05-10 16:22:04,en_pud-ud-test.conllu,2.3
0.5793533076238505,0.5486170516110636,0.6284573709723411,0.7086917828537526,0.9092257490358944,0.2030225263758198,1.0,1.0,0.7680213586472857,0.6140611094630674,0.8745179471966775,1.0,1.0,0.2475072890520096,1.261011838912964,0.3802312612533569,0.011899517849087715,1.3745250701904297,0.9542616605758668,0.8470053931308544,0.7464911421092232,0.7780300879931876,0.9714273717892801,0.8799318762418393,0:00:04.544599,en_ewt.35.170.ft.d0.3.transformer.3.256.ah16.ak128.av128-80161331,True,2019-05-10 16:22:09,en_partut-ud-test.conllu,2.3
0.5327380952380952,0.5517693315858454,0.6081258191349934,0.6711309523809523,0.9274553571428572,0.1657929226736566,1.0,1.0,0.7596726190476191,0.5621279761904762,0.8612351190476191,1.0,1.0,0.2936984896659851,1.4253983497619631,0.411165714263916,0.010775584727525713,1.394296169281006,0.9980395436286926,0.8255364052057685,0.7184292804940009,0.772775237425255,0.9754952316023364,0.8688005627857897,0:00:03.235541,en_ewt.35.170.ft.d0.3.transformer.3.256.ah16.ak128.av128-80161331,True,2019-05-10 16:22:12,en_partut-ud-dev.conllu,2.3
0.628831601898166,0.5717350798938513,0.6417480661735645,0.6930870847761961,0.9106066435808644,0.268194907119869,1.0,1.0,0.7575990765679107,0.6629472874182378,0.8923303834808259,1.0,1.0,0.23552778363227844,1.1882866621017456,0.3939459919929504,0.015029251575469969,1.3603490591049194,0.9404317140579224,0.845096019870358,0.7760712867364674,0.7710062397770643,0.9647204957929174,0.8982855758163204,0:00:20.960810,en_ewt.35.170.ft.d0.3.transformer.3.256.ah16.ak128.av128-80161331,True,2019-05-10 16:22:34,en_lines-ud-test.conllu,2.3
0.6175058548009368,0.5322455723653637,0.6109361284659472,0.661943793911007,0.8939110070257611,0.2495998347704859,1.0,1.0,0.7309718969555035,0.6552107728337236,0.8929742388758782,1.0,1.0,0.2531215250492096,1.1872349977493286,0.4433028995990753,0.015048018656671047,1.3583204746246338,0.9535868167877196,0.8289700405758434,0.7683460623609977,0.7445945194819632,0.9611688837469584,0.898393641265077,0:00:23.868747,en_ewt.35.170.ft.d0.3.transformer.3.256.ah16.ak128.av128-80161331,True,2019-05-10 16:22:58,en_lines-ud-dev.conllu,2.3
0.6508215026319987,0.6382089552238805,0.6849751243781095,0.7350853405646833,0.938148029988834,0.3311442786069652,1.0,1.0,0.7911150103684799,0.6849178497368001,0.8905726591162865,1.0,1.0,0.13115820288658142,0.7810311317443848,0.21069005131721494,0.004423512611538172,1.347511649131775,0.8278924226760864,0.8632513258691809,0.8130553275621766,0.8070860341779611,0.9789229149647676,0.898939304655274,0:00:42.758170,en_ewt.35.170.ft.d0.3.transformer.3.256.ah16.ak128.av128-80161331,True,2019-05-10 16:23:41,en_ewt-ud-test.conllu,2.3
0.6514560789306174,0.6417652532234481,0.6825069785989631,0.7326145767027371,0.9445416931890516,0.3240728432806061,1.0,1.0,0.7914544875875239,0.6856699554423934,0.8977164226607256,1.0,1.0,0.13974998891353607,0.8377653956413269,0.22009502351284027,0.004478420130908489,1.3461579084396362,0.8369316458702087,0.8620333861517485,0.8124394167513295,0.8068320005896009,0.9817693934315928,0.90525850315068,0:00:41.017066,en_ewt.35.170.ft.d0.3.transformer.3.256.ah16.ak128.av128-80161331,True,2019-05-10 16:24:23,en_ewt-ud-dev.conllu,2.3
0.6418636467279775,0.5585406301824213,0.6472968490878939,0.6946872387322338,0.9056775860758532,0.2804643449419569,1.0,1.0,0.7550353424032834,0.6735578019305313,0.9027893896784979,1.0,1.0,0.19417493045330048,0.9650871157646179,0.3360071182250977,0.015694309026002884,1.3529269695281982,0.8926409482955933,0.8489504436269206,0.7967678266574649,0.7675106398326479,0.9608759918521,0.9077400274110944,0:00:18.965208,en_ewt.35.170.ft.d0.3.transformer.3.256.ah16.ak128.av128-80161331,True,2019-05-10 16:24:42,en_gum-ud-dev.conllu,2.3
0.6357829876765855,0.5403168444875526,0.6272227610733915,0.6839495040577096,0.9058461076044484,0.2621403168444876,1.0,1.0,0.7460174331229336,0.6675683799218515,0.8903666967237752,1.0,1.0,0.2004558742046356,0.9153304696083068,0.345879465341568,0.018789207562804226,1.3595991134643557,0.8953197598457336,0.8456514022009229,0.7953807354441073,0.7600283990060348,0.9617098139701956,0.8964146254881079,0:00:18.634908,en_ewt.35.170.ft.d0.3.transformer.3.256.ah16.ak128.av128-80161331,True,2019-05-10 16:25:01,en_gum-ud-test.conllu,2.3
0.06828193832599119,0.002362562471603816,0.002362562471603816,0.0034612964128382627,1.0,0.0,1.0,1.0,0.07709251101321586,0.7838263058527376,0.09544787077826726,1.0,1.0,2.2669174671173096,0.6090308427810669,1.4414634704589844,0.0006017877603881061,1.882560968399048,1.857356071472168,0.1130270108641483,0.8867736469650155,0.12299411940596032,1.0,0.14043655935413138,0:00:14.490252,en_ewt.35.170.ft.d0.3.transformer.3.256.ah16.ak128.av128-80161331,True,2019-05-10 16:25:16,en_esl-ud-dev.conllu,2.3
0.06887196076385266,0.00231894398858366,0.00231894398858366,0.003652300949598247,1.0,0.0,1.0,1.0,0.07857664614421371,0.7815924032140248,0.09996869456328916,1.0,1.0,2.469878911972046,0.6962518692016602,1.47504723072052,0.0019557473715394735,1.9395403861999512,1.9523634910583496,0.11535409640944255,0.8858361436222971,0.12418170997817893,0.9996032533227536,0.14451497718706605,0:00:15.018158,en_ewt.35.170.ft.d0.3.transformer.3.256.ah16.ak128.av128-80161331,True,2019-05-10 16:25:31,en_esl-ud-test.conllu,2.3
0.3996186117467582,0.7031619833707592,0.8017236147356922,0.8422578184591915,0.7762013729977116,0.11506949080536505,1.0,1.0,0.8935163996948894,0.4113653699466057,0.9435545385202136,1.0,1.0,0.13726165890693665,2.659424304962158,0.16745683550834656,0.03352595865726471,1.265230655670166,0.9747459888458252,0.9133863575087624,0.4629419175303202,0.9059045564842276,0.8682543834176089,0.9501213265031004,0:00:37.612081,pl_lfg.ft.transformer.3.256.ah32.ak256.av256-81c7af8e,True,2019-05-10 16:27:04,pl_lfg-ud-test.conllu,2.3
0.40053435114503816,0.7024603078414737,0.8063265058780754,0.8449618320610687,0.7767938931297711,0.11877348200218155,1.0,1.0,0.8933587786259543,0.4126717557251908,0.9436641221374046,1.0,1.0,0.14312133193016052,2.9131176471710205,0.1905471384525299,0.03612581640481949,1.268395185470581,1.0084304809570312,0.9172056049582324,0.462671393323278,0.9058879008353544,0.8679572434934062,0.9502829426030721,0:00:15.824823,pl_lfg.ft.transformer.3.256.ah32.ak256.av256-81c7af8e,True,2019-05-10 16:27:20,pl_lfg-ud-dev.conllu,2.3
,,,,,,,,,,,,,,,,,,,,,,,,,pl_lfg.ft.transformer.3.256.ah32.ak256.av256-81c7af8e,False,2019-05-10 16:27:30,pl_sz-ud-dev.conllu,2.3
,,,,,,,,,,,,,,,,,,,,,,,,,pl_lfg.ft.transformer.3.256.ah32.ak256.av256-81c7af8e,False,2019-05-10 16:27:35,pl_sz-ud-test.conllu,2.3
0.4736079328756674,0.7659522797644345,0.8294578349826969,0.8652173913043478,0.9318840579710144,0.19585938922955493,1.0,1.0,0.90976353928299,0.4787185354691075,0.9596491228070176,1.0,1.0,0.14508545398712158,2.580401659011841,0.21172446012496948,0.0070003699511289605,1.256808519363403,0.9668108224868774,0.9272040981396604,0.6699990943030364,0.9202615260177944,0.985531872995394,0.9643434888110004,0:00:35.275078,pl_lfg.ft.transformer.2.256.ah32.ak256.av256-f8dd2fa8,True,2019-05-10 16:29:06,pl_lfg-ud-test.conllu,2.3
0.4833587786259542,0.7725758585185634,0.838350190781903,0.8738167938931297,0.9374045801526718,0.21197989219308336,1.0,1.0,0.9167938931297712,0.487557251908397,0.9638931297709924,1.0,1.0,0.1492108404636383,2.821966648101806,0.19296720623970032,0.006723967846482992,1.2561640739440918,0.9878559112548828,0.9306116949609272,0.6767630937992867,0.9265696577741848,0.9865405015418092,0.968135273511183,0:00:14.118584,pl_lfg.ft.transformer.2.256.ah32.ak256.av256-f8dd2fa8,True,2019-05-10 16:29:20,pl_lfg-ud-dev.conllu,2.3
,,,,,,,,,,,,,,,,,,,,,,,,,pl_lfg.ft.transformer.2.256.ah32.ak256.av256-f8dd2fa8,False,2019-05-10 16:29:29,pl_sz-ud-dev.conllu,2.3
,,,,,,,,,,,,,,,,,,,,,,,,,pl_lfg.ft.transformer.2.256.ah32.ak256.av256-f8dd2fa8,False,2019-05-10 16:29:33,pl_sz-ud-test.conllu,2.3
0.0249844495127514,0.0,0.0011270780501549732,0.0008293593199253577,0.0,0.0,1.0,1.0,0.03130831432718225,0.3814016172506737,0.0981754094961642,1.0,1.0,3.5260138511657715,3.190610408782959,4.039839267730713,4.744105339050293,3.03619122505188,4.7126545906066895,0.02353759062468964,0.3780911709206475,0.07200317807130797,0.018350471836182592,0.09405104777038437,0:00:20.591650,es_ancora.ft.biLSTM.3.256-1dd5efc9,True,2019-05-10 16:32:40,es_pud-ud-test.conllu,2.3
0.013133781307269395,0.0,0.00041536863966770514,0.00040724903278354713,0.0,0.0,1.0,1.0,0.02087151293015679,0.4108124618204032,0.0794135613927917,1.0,1.0,3.526451110839844,2.9248013496398926,4.57545804977417,4.744674682617188,3.0340781211853027,4.792391777038574,0.02062975027144408,0.4287829434409239,0.05073536669627875,0.0029520506441876645,0.07699141249629847,0:00:26.234242,es_ancora.ft.biLSTM.3.256-1dd5efc9,True,2019-05-10 16:33:08,es_ancora-ud-test.conllu,2.3
0.011129262813967736,0.0,0.0005545158383586332,0.0004084133142740453,0.0,0.0,1.0,1.0,0.020522769042270773,0.4180110271594854,0.07861956299775373,1.0,1.0,3.526310682296753,3.0849597454071045,4.413935661315918,4.744563102722168,3.0346779823303223,4.7763404846191415,0.02131228416378885,0.43759250123334975,0.053478046373951656,0.003088035715215832,0.07597434632461766,0:00:23.023032,es_ancora.ft.biLSTM.3.256-1dd5efc9,True,2019-05-10 16:33:32,es_ancora-ud-dev.conllu,2.3
0.01301096199159922,0.0,0.00013868663754247281,0.00010244851961889151,0.0,0.0,1.0,1.0,0.022641122835775025,0.4388894580473312,0.0941501895297613,1.0,1.0,3.5266234874725337,2.246739864349365,4.757789134979248,4.74496603012085,3.03223180770874,4.760245323181152,0.011799702528507684,0.4526524541398116,0.054040654437283085,0.00262259695838977,0.09112543381259296,0:00:31.333839,es_ancora.ft.biLSTM.3.256-1dd5efc9,True,2019-05-10 16:34:03,es_gsd-ud-test.conllu,2.3
0.014948453608247425,0.0,0.00014005602240896358,0.00010309278350515464,0.0,0.0,1.0,1.0,0.02020618556701031,0.4505154639175258,0.0868041237113402,1.0,1.0,3.5264382362365723,2.695458173751831,4.406200408935547,4.744647979736328,3.033811092376709,4.7354631423950195,0.013995037220843672,0.4644168734491315,0.05667493796526055,0.002672569390420791,0.08357320099255583,0:00:23.540967,es_ancora.ft.biLSTM.3.256-1dd5efc9,True,2019-05-10 16:34:28,es_gsd-ud-dev.conllu,2.3
0.3461479786422578,0.4847823450951861,0.682308718321814,0.7460717009916095,0.7753623188405797,0.08124166363526131,1.0,1.0,0.8433257055682685,0.3754385964912281,0.8575896262395118,1.0,1.0,0.19021905958652496,2.8503317832946777,0.2734143137931824,0.012005208060145378,1.303504467010498,1.0420243740081787,0.8463871663521165,0.5140962107992183,0.8615529792396872,0.9446134774781862,0.8741574548395794,0:00:18.256353,pl_lfg.ft.transformer.3.256.ah16.ak128.av128.i_conly-998b61b5,True,2019-05-10 16:34:56,pl_lfg-ud-test.conllu,2.3
0.3480916030534351,0.4860004827419744,0.6823557808351436,0.7457251908396947,0.7774045801526718,0.08761766835626357,1.0,1.0,0.8440458015267176,0.3749618320610687,0.8629007633587786,1.0,1.0,0.20993909239768985,3.1264843940734863,0.3038920760154724,0.012299221009016035,1.3085389137268066,1.0832560062408447,0.8479520344920507,0.5133144835401426,0.8623686337914309,0.9447946206797057,0.8790083535435192,0:00:14.549741,pl_lfg.ft.transformer.3.256.ah16.ak128.av128.i_conly-998b61b5,True,2019-05-10 16:35:11,pl_lfg-ud-dev.conllu,2.3
,,,,,,,,,,,,,,,,,,,,,,,,,pl_lfg.ft.transformer.3.256.ah16.ak128.av128.i_conly-998b61b5,False,2019-05-10 16:35:19,pl_sz-ud-dev.conllu,2.3
,,,,,,,,,,,,,,,,,,,,,,,,,pl_lfg.ft.transformer.3.256.ah16.ak128.av128.i_conly-998b61b5,False,2019-05-10 16:35:24,pl_sz-ud-test.conllu,2.3
0.37978642257818457,0.6002306245068884,0.7583904837045579,0.8125095347063309,0.8350877192982457,0.09067184560296172,1.0,1.0,0.8797864225781846,0.3909229595728452,0.9057208237986272,1.0,1.0,0.1381838470697403,2.7825086116790767,0.2147206664085388,0.008176380768418312,1.2805633544921875,0.998066782951355,0.8922890266918306,0.5350381948100675,0.8937719061741709,0.9632539038249384,0.9166891345376112,0:00:39.906013,pl_lfg.ft.transformer.3.256.ah16.ak128.av128-9bffc1c3,True,2019-05-10 16:37:00,pl_lfg-ud-test.conllu,2.3
0.3765648854961832,0.5988857938718662,0.7640789633038634,0.8153435114503816,0.8376335877862595,0.09022647450647936,1.0,1.0,0.8839694656488549,0.3883969465648855,0.9085496183206108,1.0,1.0,0.14418932795524594,3.0489537715911865,0.21241319179534912,0.007858788594603539,1.2836610078811646,1.0272204875946045,0.8947722985718135,0.5335683261486139,0.897601724602533,0.9652802076261918,0.9192939908380492,0:00:15.068510,pl_lfg.ft.transformer.3.256.ah16.ak128.av128-9bffc1c3,True,2019-05-10 16:37:16,pl_lfg-ud-dev.conllu,2.3
,,,,,,,,,,,,,,,,,,,,,,,,,pl_lfg.ft.transformer.3.256.ah16.ak128.av128-9bffc1c3,False,2019-05-10 16:37:25,pl_sz-ud-dev.conllu,2.3
,,,,,,,,,,,,,,,,,,,,,,,,,pl_lfg.ft.transformer.3.256.ah16.ak128.av128-9bffc1c3,False,2019-05-10 16:37:30,pl_sz-ud-test.conllu,2.3
0.3901601830663616,0.6609212842143594,0.7900710080718577,0.8385202135774218,0.8697177726926011,0.10329550282211568,1.0,1.0,0.8958047292143402,0.4049580472921434,0.91906941266209,1.0,1.0,0.14064854383468628,2.739039659500122,0.17735347151756287,0.007170445751398802,1.27759051322937,0.98512464761734,0.9081962793205716,0.5580045741001924,0.9079266648692372,0.9703100150329732,0.9284847667834996,0:00:39.231861,pl_lfg.ft.transformer.3.256.ah16.ak128.av128-e5a9d7b8,True,2019-05-10 16:39:10,pl_lfg-ud-test.conllu,2.3
0.3891603053435114,0.6576904415332363,0.7943959243085881,0.8393129770992367,0.8658015267175573,0.10480349344978164,1.0,1.0,0.8948091603053435,0.4047328244274809,0.9216793893129772,1.0,1.0,0.14942121505737305,2.999739646911621,0.18574543297290802,0.00678556226193905,1.2805391550064087,1.016444444656372,0.9079089194287254,0.5589512235005379,0.9071678792778228,0.9713551508272472,0.9308811641067096,0:00:14.757523,pl_lfg.ft.transformer.3.256.ah16.ak128.av128-e5a9d7b8,True,2019-05-10 16:39:25,pl_lfg-ud-dev.conllu,2.3
,,,,,,,,,,,,,,,,,,,,,,,,,pl_lfg.ft.transformer.3.256.ah16.ak128.av128-e5a9d7b8,False,2019-05-10 16:39:33,pl_sz-ud-dev.conllu,2.3
,,,,,,,,,,,,,,,,,,,,,,,,,pl_lfg.ft.transformer.3.256.ah16.ak128.av128-e5a9d7b8,False,2019-05-10 16:39:38,pl_sz-ud-test.conllu,2.3
0.37581998474446987,0.565487048522437,0.7257691839961085,0.7859649122807018,0.8222730739893211,0.08707284446065912,1.0,1.0,0.8670480549199084,0.3784897025171625,0.9113653699466056,1.0,1.0,0.15628162026405334,2.806976795196533,0.2342645972967148,0.009853096678853037,1.2708847522735596,1.0045267343521118,0.8730115934214074,0.5222231118961385,0.8825155028309517,0.9568954268533856,0.9216770018873012,0:00:39.599180,pl_lfg.ft.transformer.3.256.ah16.ak128.av128-84ddc996,True,2019-05-10 16:41:27,pl_lfg-ud-test.conllu,2.3
0.3732061068702289,0.5685217707260946,0.7365106279900684,0.7927480916030535,0.8238167938931298,0.08877853812148005,1.0,1.0,0.8690839694656488,0.3759541984732824,0.9174809160305344,1.0,1.0,0.16719156503677368,3.0754413604736333,0.23419919610023496,0.009467735886573792,1.2734572887420654,1.0352774858474731,0.8788736189706279,0.5205955650662911,0.8844651037456212,0.9584522023467936,0.9271759633521962,0:00:15.079230,pl_lfg.ft.transformer.3.256.ah16.ak128.av128-84ddc996,True,2019-05-10 16:41:42,pl_lfg-ud-dev.conllu,2.3
,,,,,,,,,,,,,,,,,,,,,,,,,pl_lfg.ft.transformer.3.256.ah16.ak128.av128-84ddc996,False,2019-05-10 16:41:51,pl_sz-ud-dev.conllu,2.3
,,,,,,,,,,,,,,,,,,,,,,,,,pl_lfg.ft.transformer.3.256.ah16.ak128.av128-84ddc996,False,2019-05-10 16:41:56,pl_sz-ud-test.conllu,2.3
0.3588100686498856,0.26267003731792465,0.3900325027085591,0.4739893211289093,0.7393592677345537,0.06873720958228001,1.0,1.0,0.5971777269260107,0.36079328756674295,0.6999237223493516,1.0,1.0,0.3622302711009979,3.132981300354004,0.6698731184005737,0.012814276851713656,1.3724888563156128,1.2272783517837524,0.7067268805607979,0.4540850956347778,0.6440415206255056,0.9365787268549076,0.7348341871124292,0:00:38.897608,pl_lfg.ft.transformer.3.256.ah16.ak128.av128.i_wonly-dc51d45d,True,2019-05-10 16:43:37,pl_lfg-ud-test.conllu,2.3
0.3532824427480916,0.258720230935771,0.37972095261005534,0.4644274809160305,0.7409923664122138,0.06795766177531874,1.0,1.0,0.5887786259541985,0.3555725190839695,0.7015267175572519,1.0,1.0,0.3934592306613922,3.4319121837615967,0.7011450529098511,0.012883990071713923,1.3855249881744385,1.2777684926986694,0.7027081649151172,0.4509101058846801,0.6370924279170035,0.9367375142520468,0.7365939099973053,0:00:14.251707,pl_lfg.ft.transformer.3.256.ah16.ak128.av128.i_wonly-dc51d45d,True,2019-05-10 16:43:52,pl_lfg-ud-dev.conllu,2.3
,,,,,,,,,,,,,,,,,,,,,,,,,pl_lfg.ft.transformer.3.256.ah16.ak128.av128.i_wonly-dc51d45d,False,2019-05-10 16:44:00,pl_sz-ud-dev.conllu,2.3
,,,,,,,,,,,,,,,,,,,,,,,,,pl_lfg.ft.transformer.3.256.ah16.ak128.av128.i_wonly-dc51d45d,False,2019-05-10 16:44:05,pl_sz-ud-test.conllu,2.3
0.5355453852021358,0.7909885839203303,0.8491620111731844,0.8818459191456903,0.941113653699466,0.2758076269128006,1.0,1.0,0.9173150266971776,0.540884820747521,0.970327993897788,1.0,1.0,0.13133609294891355,2.541911125183105,0.17054665088653564,0.007616231217980384,1.251055359840393,0.948566198348999,0.9367754111620384,0.6146225136111899,0.9269344836883256,0.9871140594257042,0.9737799946077108,0:00:36.625479,pl_lfg.ft.transformer.3.512.ah32.ak256.av256-8cce3989,True,2019-05-10 16:45:56,pl_lfg-ud-test.conllu,2.3
0.5440458015267176,0.7888108500847663,0.8543230806490676,0.8863358778625954,0.9400763358778624,0.2891741341729232,1.0,1.0,0.9218320610687024,0.5482442748091603,0.9722900763358778,1.0,1.0,0.13004109263420105,2.777367115020752,0.16503839194774628,0.006716674193739891,1.2506976127624512,0.9702826142311096,0.938965238480194,0.6192645368218189,0.9310158986796012,0.9876324805566852,0.9755456750202102,0:00:14.582909,pl_lfg.ft.transformer.3.512.ah32.ak256.av256-8cce3989,True,2019-05-10 16:46:11,pl_lfg-ud-dev.conllu,2.3
,,,,,,,,,,,,,,,,,,,,,,,,,pl_lfg.ft.transformer.3.512.ah32.ak256.av256-8cce3989,False,2019-05-10 16:46:20,pl_sz-ud-dev.conllu,2.3
,,,,,,,,,,,,,,,,,,,,,,,,,pl_lfg.ft.transformer.3.512.ah32.ak256.av256-8cce3989,False,2019-05-10 16:46:25,pl_sz-ud-test.conllu,2.3
0.5551487414187642,0.8086967083687598,0.8663913518765942,0.8976353928299008,0.9443173150266972,0.3008623830924329,1.0,1.0,0.9337909992372236,0.5612509534706331,0.9688024408848208,1.0,1.0,0.1209755316376686,2.530780076980591,0.1458289623260498,0.0051938071846961975,1.252252221107483,0.93991219997406,0.9432461579940684,0.7560466695725504,0.9414936640603936,0.9882386458853356,0.972431922351038,0:00:44.378457,pl_lfg.40.100.ft.d0.7.biLSTM.3.256-5139f1a5,True,2019-05-10 16:48:05,pl_lfg-ud-test.conllu,2.3
0.5606870229007633,0.8023037284025463,0.8668081236738405,0.8970229007633588,0.9408396946564884,0.3128220672931191,1.0,1.0,0.9340458015267176,0.566030534351145,0.9698473282442748,1.0,1.0,0.1257106065750122,2.767927885055542,0.14762863516807556,0.005052322521805763,1.25250244140625,0.9652605056762696,0.9419293990838048,0.7587424164755153,0.9417946645109136,0.9882182117810582,0.9733899218539476,0:00:19.676032,pl_lfg.40.100.ft.d0.7.biLSTM.3.256-5139f1a5,True,2019-05-10 16:48:25,pl_lfg-ud-dev.conllu,2.3
0.33453623329757143,0.6569627851140456,0.7313925570228091,0.7702135960206768,0.9056861406417632,0.13355342136854742,1.0,1.0,0.8396566858480444,0.341265970935336,0.949088071783868,1.0,1.0,0.37245258688926697,2.887352705001831,0.4272388517856598,0.012235871516168121,1.262850284576416,1.1017802953720093,0.8694033158967993,0.5293579523754708,0.8542423973756539,0.9773717491589204,0.9537193013565032,0:00:17.972032,pl_lfg.40.100.ft.d0.7.biLSTM.3.256-5139f1a5,True,2019-05-10 16:48:43,pl_sz-ud-dev.conllu,2.3
0.3355860025921126,0.6443825441039925,0.7145203914006143,0.7612479170523977,0.9036289576004444,0.13427612313406184,1.0,1.0,0.840214775041659,0.3425291612664321,0.9445473060544344,1.0,1.0,0.37555932998657227,2.752082109451294,0.4122143089771271,0.012374725192785265,1.2641175985336304,1.0866932868957522,0.860515923031678,0.5324100037966449,0.8549701705739013,0.9772183592217242,0.9496680951180572,0:00:19.408017,pl_lfg.40.100.ft.d0.7.biLSTM.3.256-5139f1a5,True,2019-05-10 16:49:03,pl_sz-ud-test.conllu,2.3
0.5557236371637604,0.6925664626454235,0.7553146755127785,0.8018042796633478,0.9444413884152044,0.2332383310750829,1.0,1.0,0.8486440398261731,0.5768469112712471,0.9445514054678475,1.0,1.0,0.15554764866828918,1.9156197309494016,0.2469618320465088,0.0027069090865552425,1.3401503562927246,0.9505929946899414,0.8953491371527329,0.7052153630105523,0.8580493718884619,0.986109891937908,0.9479970077643356,0:01:21.919670,no_bokmaal.75.125.ft.d0.7.transformer.3.256.ah16.ak128.av128-23d8af05,True,2019-05-11 12:26:34,no_bokmaal-ud-dev.conllu,2.3
0.5615400026712969,0.6907920736182465,0.7561113306610964,0.7997529050353946,0.9421330305863496,0.2458081634957376,1.0,1.0,0.8434620008013891,0.5836783758514759,0.943535461466542,1.0,1.0,0.16365620493888855,1.8505313396453853,0.27158159017562866,0.00288342940621078,1.3397302627563477,0.9508695602416992,0.895659537100922,0.7103863601932633,0.8529762278115788,0.9862608657333192,0.9469673210813524,0:00:48.408072,no_bokmaal.75.125.ft.d0.7.transformer.3.256.ah16.ak128.av128-23d8af05,True,2019-05-11 12:27:23,no_bokmaal-ud-test.conllu,2.3
0.4056943056943057,0.2891830500509125,0.3576407926685987,0.4112887112887113,0.772927072927073,0.1062113260750372,1.0,1.0,0.5591408591408591,0.4857142857142857,0.6613386613386614,1.0,1.0,0.8473297953605652,1.9627379179000848,0.7193426489830017,0.010373665951192379,1.5113978385925293,1.3102670907974243,0.6071751310319898,0.6346964594251249,0.6012109163202602,0.8999548373689915,0.6936562443520694,0:00:20.309667,no_bokmaal.75.125.ft.d0.7.transformer.3.256.ah16.ak128.av128-23d8af05,True,2019-05-11 12:27:44,no_nynorsklia-ud-test.conllu,2.3
0.4501131038940055,0.42629283074156704,0.5409077286803636,0.6065196316044595,0.8008159638067539,0.12174086776997105,1.0,1.0,0.7072224915172081,0.4845693973178221,0.8116416222329941,1.0,1.0,0.4609819650650024,2.064791679382324,0.6119145750999451,0.01257598213851452,1.4327945709228516,1.1636488437652588,0.7620117261859438,0.6114029912985766,0.7240539099977157,0.9466336607378508,0.8224701134546563,0:00:38.563451,no_bokmaal.75.125.ft.d0.7.transformer.3.256.ah16.ak128.av128-23d8af05,True,2019-05-11 12:28:23,no_nynorsk-ud-test.conllu,2.3
0.4600877333418719,0.4274528603387664,0.5282837967401726,0.5953059460151773,0.8216515641510038,0.12703739213806328,1.0,1.0,0.6985367103198745,0.4944446223303769,0.8035605648234126,1.0,1.0,0.5075898766517639,2.152116060256958,0.643896222114563,0.01176344696432352,1.4458564519882202,1.1967573165893557,0.7528381642512078,0.6171396160522223,0.7157306763285024,0.951662277921232,0.8147644927536232,0:00:47.243165,no_bokmaal.75.125.ft.d0.7.transformer.3.256.ah16.ak128.av128-23d8af05,True,2019-05-11 12:29:11,no_nynorsk-ud-dev.conllu,2.3
0.4617140656801804,0.4552087832155116,0.5587252517445958,0.6211287749601189,0.8190494526651629,0.13624894869638352,1.0,1.0,0.7030914791792728,0.4789042301556741,0.8408328290885088,1.0,1.0,0.4070286154747009,2.036710262298584,0.5888611078262329,0.009938962757587431,1.41153085231781,1.131450653076172,0.7808961229912038,0.606925939871032,0.7215415172698431,0.95232971475987,0.8507235535378028,0:01:22.772145,no_nynorsk.75.125.ft.d0.7.transformer.3.256.ah16.ak128.av128-23d8af05,True,2019-05-11 12:31:27,no_bokmaal-ud-dev.conllu,2.3
0.4622679310805396,0.4637553624463756,0.5671543284567154,0.628890076131962,0.8229597969814345,0.13782862171378285,1.0,1.0,0.7156404434352879,0.4795645786029117,0.8418926138640308,1.0,1.0,0.38740018010139465,1.963327169418335,0.5455691814422607,0.009569906629621984,1.406440258026123,1.1079092025756836,0.7808128959417926,0.6095194203196309,0.7329235401116477,0.953159173256476,0.8515022266825566,0:00:49.232707,no_nynorsk.75.125.ft.d0.7.transformer.3.256.ah16.ak128.av128-23d8af05,True,2019-05-11 12:32:17,no_bokmaal-ud-test.conllu,2.3
0.4151848151848152,0.4035339063992359,0.4519261381725565,0.4908091908091908,0.9189810189810192,0.12241324418974847,1.0,1.0,0.621078921078921,0.4945054945054945,0.756043956043956,1.0,1.0,0.7642441391944885,1.7158509492874146,0.5776612162590027,0.005330620799213648,1.465188980102539,1.2121055126190186,0.6775709380083138,0.6514529087621098,0.6572383878546899,0.9751394227880223,0.7793240556660039,0:00:20.380865,no_nynorsk.75.125.ft.d0.7.transformer.3.256.ah16.ak128.av128-23d8af05,True,2019-05-11 12:32:38,no_nynorsklia-ud-test.conllu,2.3
0.5036758765551785,0.6591987978552645,0.7380212424439057,0.7891016319276135,0.9259169494264016,0.20395478296506267,1.0,1.0,0.8365648731620617,0.514622717724996,0.9479318145096138,1.0,1.0,0.16815964877605438,1.8838666677474976,0.2649424374103546,0.004000587854534389,1.3351538181304932,0.9519920945167542,0.8866976319195918,0.657668179948658,0.8459605573745527,0.9831350316483628,0.9509251503845276,0:00:38.559299,no_nynorsk.75.125.ft.d0.7.transformer.3.256.ah16.ak128.av128-23d8af05,True,2019-05-11 12:33:17,no_nynorsk-ud-test.conllu,2.3
0.5169543082193974,0.6675041647322282,0.7418412212906573,0.7903685440747975,0.9298133265025136,0.21853237567250186,1.0,1.0,0.8386859210399923,0.5305305625820499,0.9447984374499696,1.0,1.0,0.17301353812217712,1.946560263633728,0.27507731318473816,0.003978269640356302,1.3387658596038818,0.9633022546768188,0.8889794685990338,0.6686374488968296,0.8478864734299517,0.9839108619624859,0.9479468599033816,0:00:47.388995,no_nynorsk.75.125.ft.d0.7.transformer.3.256.ah16.ak128.av128-23d8af05,True,2019-05-11 12:34:05,no_nynorsk-ud-dev.conllu,2.3
0.3714020427112349,0.017092901878914404,0.641570981210856,0.6636279226808475,0.21330294589347515,0.08494258872651357,1.0,1.0,0.7746264877184097,0.397484595256183,0.8761711825778679,1.0,1.0,0.5698845386505127,2.305445671081543,0.4375632107257843,0.4212764501571655,1.3810889720916748,1.256392002105713,0.7764989939637827,0.5709183687478536,0.7851106639839034,0.2740193055323837,0.8819315895372234,0:00:49.927055,ru_syntagrus.50.210.ft.d0.7.transformer.3.256.ah16.ak128.av128-23d8af05,True,2019-05-12 23:00:13,ru_gsd-ud-dev.conllu,2.3
0.3722564413984558,0.014626945786366075,0.6414385399892646,0.6662618200746074,0.2081200659321593,0.08024691358024691,1.0,1.0,0.7786935022121975,0.3978485295393424,0.8758566843064111,1.0,1.0,0.5757990479469299,2.392465591430664,0.4511114358901978,0.4449142515659332,1.378526210784912,1.2739102840423584,0.7789230642368269,0.5737137651110636,0.7896429454935269,0.2692100086069059,0.8819988455512493,0:00:24.209608,ru_syntagrus.50.210.ft.d0.7.transformer.3.256.ah16.ak128.av128-23d8af05,True,2019-05-12 23:00:38,ru_gsd-ud-test.conllu,2.3
0.3635799596711649,0.6787554576564528,0.7532549266412304,0.7895145028695517,0.909828860968926,0.0999095307398812,1.0,1.0,0.8787549764748461,0.39392999327852746,0.9030556848146424,1.0,1.0,0.4610689580440521,3.440867185592652,0.31101712584495544,0.009456883184611796,1.3930113315582275,1.22042715549469,0.8570796460176991,0.5688855656095021,0.8847099311701082,0.9687180620718888,0.9078171091445428,0:00:24.273852,ru_syntagrus.50.210.ft.d0.7.transformer.3.256.ah16.ak128.av128-23d8af05,True,2019-05-12 23:01:02,ru_pud-ud-test.conllu,2.3
0.5524960785650959,0.7803005947596849,0.8334672882173284,0.859834276751006,0.9490298711041396,0.2885924020789798,1.0,1.0,0.8912910045693242,0.5571932755916251,0.9777501193480188,1.0,1.0,0.09459733217954636,2.4232749938964844,0.16336357593536374,0.002929174806922673,1.3195815086364746,0.9591725468635559,0.9335670549461199,0.7203032358742897,0.8969901610740424,0.98767904967361,0.97891658723363,0:03:04.711530,ru_syntagrus.50.210.ft.d0.7.transformer.3.256.ah16.ak128.av128-23d8af05,True,2019-05-12 23:04:09,ru_syntagrus-ud-test.conllu,2.3
0.5565824344626188,0.7680437595103868,0.8197802639781738,0.8473439003392921,0.9481777822791648,0.2887001521661896,1.0,1.0,0.8821508752384328,0.5616802552286423,0.9767137624280482,1.0,1.0,0.10391143709421158,2.396305799484253,0.1746717095375061,0.0029542981646955013,1.320208191871643,0.9613854289054872,0.9282852916483428,0.7231060998462017,0.8883540558909367,0.9868315857954202,0.9779394714748332,0:03:09.931545,ru_syntagrus.50.210.ft.d0.7.transformer.3.256.ah16.ak128.av128-23d8af05,True,2019-05-12 23:07:22,ru_syntagrus-ud-dev.conllu,2.3
0.4682423888726778,0.5319891430787127,0.6146568437378829,0.655091917128684,0.8626592743896508,0.1521519968980225,1.0,1.0,0.7435074409104173,0.4940180916253283,0.9001069934831242,1.0,1.0,0.3960066735744476,1.8370057344436648,0.4010263681411743,0.008955568075180055,1.355284333229065,1.0427883863449097,0.8054460766750269,0.662964050134636,0.7637943389466141,0.9538937860643492,0.9080078824793979,0:00:22.174776,ru_syntagrus.50.210.ft.d0.7.transformer.3.256.ah16.ak128.av128-23d8af05,True,2019-05-12 23:07:45,ru_taiga-ud-test.conllu,2.3
0.42013729977116704,0.7365610969542531,0.8102172066496784,0.8484363081617087,0.9223493516399696,0.13626987016138814,1.0,1.0,0.8954233409610984,0.43401983218916856,0.9536994660564456,1.0,1.0,0.13096387684345245,2.631536960601806,0.1756017804145813,0.005328274797648192,1.2589380741119385,0.9618161916732788,0.9171609598274468,0.61069503803643,0.9075896468050688,0.9823058131766652,0.9590860070099756,0:00:40.754095,pl_lfg.40.100.ft.d0.7.size_test.transformer.3.256.ah2.ak128.av128-23d8af05,True,2019-05-12 23:09:23,pl_lfg-ud-test.conllu,2.3
0.4229007633587786,0.7337414388750834,0.8165343354142676,0.8529007633587786,0.918473282442748,0.14267531365537306,1.0,1.0,0.8982442748091604,0.43725190839694655,0.9535114503816794,1.0,1.0,0.1337985396385193,2.882225513458252,0.17103081941604614,0.0050554051995277405,1.2611525058746338,0.9877184629440308,0.921112907572083,0.6126067942406282,0.9101994071678792,0.9825586140918516,0.9589733225545676,0:00:16.268226,pl_lfg.40.100.ft.d0.7.size_test.transformer.3.256.ah2.ak128.av128-23d8af05,True,2019-05-12 23:09:39,pl_lfg-ud-dev.conllu,2.3
0.2391495172144738,0.5767267267267268,0.6614114114114115,0.7075977762606066,0.8818882278357554,0.06111111111111111,1.0,1.0,0.7873793036184531,0.2543645762215937,0.9323124939042232,1.0,1.0,0.2997913658618927,2.9905004501342773,0.4283825159072876,0.00855953898280859,1.27006196975708,1.0968452692031858,0.8363330082454118,0.4294026688697691,0.8067204539409523,0.9714864800211468,0.9384697224931288,0:00:13.988685,pl_lfg.40.100.ft.d0.7.size_test.transformer.3.256.ah2.ak128.av128-23d8af05,True,2019-05-12 23:09:53,pl_sz-ud-dev.conllu,2.3
0.2447694871320126,0.5717346282939371,0.6447189887881168,0.6949638955748936,0.8857618959451954,0.0635578090409198,1.0,1.0,0.7764302906869098,0.26004443621551565,0.9294575078689132,1.0,1.0,0.3000781834125519,2.8465607166290283,0.4268985688686371,0.00906224362552166,1.2701973915100098,1.0824195146560671,0.8289219393328292,0.43265724289411855,0.7970758759768086,0.972100299092838,0.9359717670783968,0:00:15.233282,pl_lfg.40.100.ft.d0.7.size_test.transformer.3.256.ah2.ak128.av128-23d8af05,True,2019-05-12 23:10:09,pl_sz-ud-test.conllu,2.3
0.5565217391304348,0.7030538522251228,0.7481027260032785,0.7891685736079329,0.9390541571319604,0.27138607249104485,1.0,1.0,0.8330282227307398,0.5641495041952708,0.9589626239511824,1.0,1.0,0.15696890652179718,2.5367116928100586,0.25708895921707153,0.0053855287842452535,1.2574195861816406,0.9743874073028564,0.9090725262874092,0.7395384389413627,0.8524534915071448,0.9866942891581874,0.9637368562954974,0:00:42.858175,pl_lfg.40.100.ft.d0.7.size_test.transformer.3.256.ah16.ak128.av128-23d8af05,True,2019-05-12 23:11:51,pl_lfg-ud-test.conllu,2.3
0.563587786259542,0.6941868218463964,0.7491058980420683,0.7866412213740458,0.9361068702290076,0.2817481966418137,1.0,1.0,0.8290839694656489,0.5705343511450381,0.9632061068702288,1.0,1.0,0.16764016449451447,2.771650791168213,0.2624121308326721,0.0053654732182621965,1.2568583488464355,1.0013281106948853,0.9067636755591484,0.7441022041126311,0.8491646456480733,0.9864045008879216,0.9675289679331716,0:00:16.474924,pl_lfg.40.100.ft.d0.7.size_test.transformer.3.256.ah16.ak128.av128-23d8af05,True,2019-05-12 23:12:08,pl_lfg-ud-dev.conllu,2.3
0.3326831171364479,0.5146804835924007,0.5675452429225801,0.6136740466205013,0.9036379596215742,0.11353908537959,1.0,1.0,0.6862381741929191,0.3388276601970155,0.9439188530186288,1.0,1.0,0.3726133406162262,2.888373613357544,0.5526548027992249,0.01135841105133295,1.2654263973236084,1.1280745267868042,0.8189555811685433,0.5253779500340618,0.7147796790495611,0.97629267066828,0.9490203032183704,0:00:14.219905,pl_lfg.40.100.ft.d0.7.size_test.transformer.3.256.ah16.ak128.av128-23d8af05,True,2019-05-12 23:12:22,pl_sz-ud-dev.conllu,2.3
0.3366043325310128,0.5096497498213011,0.5608291636883488,0.6098870579522311,0.9054804665802628,0.11736954967834168,1.0,1.0,0.6824662099611183,0.3442880947972597,0.9395482318089244,1.0,1.0,0.3670732975006104,2.749630928039551,0.5516735911369324,0.01129987556487322,1.2663798332214355,1.1130810976028442,0.8154776909503403,0.5285765810828987,0.7117889253003951,0.9770192111956496,0.9451306612889672,0:00:15.615638,pl_lfg.40.100.ft.d0.7.size_test.transformer.3.256.ah16.ak128.av128-23d8af05,True,2019-05-12 23:12:38,pl_sz-ud-test.conllu,2.3
0.6327231121281465,0.8097234883014282,0.8624734123366757,0.8921434019832191,0.9479786422578184,0.4036463081130355,1.0,1.0,0.9263157894736842,0.6387490465293669,0.9728451563691838,1.0,1.0,0.11756719648838045,2.501152992248535,0.1530979424715042,0.0052929017692804345,1.2485456466674805,0.9357227087020874,0.9439875977352388,0.8062055865863299,0.934888110002696,0.9889926926883916,0.9760043138312212,0:00:40.822913,pl_lfg.40.100.ft.d0.7.size_test.transformer.3.64.ah16.ak256.av256-23d8af05,True,2019-05-12 23:14:21,pl_lfg-ud-test.conllu,2.3
0.6345801526717557,0.8168091686374386,0.869443939118307,0.89793893129771,0.9497709923664122,0.4084652234552179,1.0,1.0,0.931526717557252,0.640763358778626,0.9765648854961833,1.0,1.0,0.12336181849241255,2.7364935874938965,0.15559199452400208,0.005219945684075356,1.2482895851135254,0.9610580205917358,0.9441525195365128,0.8081297043571941,0.9395715440582052,0.9897305733653754,0.9793182430611695,0:00:16.232678,pl_lfg.40.100.ft.d0.7.size_test.transformer.3.64.ah16.ak256.av256-23d8af05,True,2019-05-12 23:14:37,pl_lfg-ud-dev.conllu,2.3
0.3806690724665952,0.644851395977184,0.709696787751426,0.7506095776845801,0.9130010728567248,0.16901831281897328,1.0,1.0,0.8202477323710133,0.3873012776748269,0.9548424851263044,1.0,1.0,0.41127172112464905,2.8678362369537367,0.4956294298171997,0.013334969989955424,1.2596503496170044,1.1218862533569336,0.8600939799627627,0.5599228520155658,0.8365989892720986,0.9788655160042248,0.9589502615480096,0:00:14.156112,pl_lfg.40.100.ft.d0.7.size_test.transformer.3.64.ah16.ak256.av256-23d8af05,True,2019-05-12 23:14:52,pl_sz-ud-dev.conllu,2.3
0.3800222181077578,0.6350067842605156,0.6952795829465115,0.7401407146824662,0.9120533234586188,0.16210811968863814,1.0,1.0,0.8138307720792446,0.3859470468431772,0.9559340862803184,1.0,1.0,0.4048131704330444,2.730781555175781,0.4902791082859039,0.013789244927465916,1.2578177452087402,1.1046935319900513,0.8548861440215108,0.5620587389778193,0.831022603142593,0.9783788207170816,0.9600033610620956,0:00:15.381528,pl_lfg.40.100.ft.d0.7.size_test.transformer.3.64.ah16.ak256.av256-23d8af05,True,2019-05-12 23:15:08,pl_sz-ud-test.conllu,2.3
0.4758199847444698,0.7820543953375425,0.8426420592520641,0.8777269260106789,0.9376048817696416,0.2066537153958232,1.0,1.0,0.9188405797101448,0.4905415713196034,0.9534706331045004,1.0,1.0,0.11392918974161148,2.5606565475463867,0.1329968422651291,0.005736432038247585,1.2598975896835327,0.9425302147865297,0.9334726341331896,0.6857848058593183,0.9282825559449986,0.986921283466806,0.9588837961714748,0:00:42.952420,pl_lfg.40.100.ft.d0.7.size_test.transformer.3.256.ah16.ak256.av256-23d8af05,True,2019-05-12 23:16:46,pl_lfg-ud-test.conllu,2.3
0.4776335877862595,0.7818865179437441,0.8438409311348206,0.87793893129771,0.939465648854962,0.21653734238603287,1.0,1.0,0.9168702290076336,0.4925190839694656,0.9535114503816794,1.0,1.0,0.12254014611244204,2.801227331161499,0.15119650959968567,0.005124813411384821,1.2615714073181152,0.9730640053749084,0.9337779574238748,0.6864000226683853,0.9266370250606304,0.9875295816815559,0.9589733225545676,0:00:16.482271,pl_lfg.40.100.ft.d0.7.size_test.transformer.3.256.ah16.ak256.av256-23d8af05,True,2019-05-12 23:17:02,pl_lfg-ud-dev.conllu,2.3
0.26665366234272897,0.6101440576230492,0.6776710684273709,0.7230079001267922,0.9000292597288598,0.08688475390156063,1.0,1.0,0.7953769628401444,0.2825514483565786,0.9294840534477714,1.0,1.0,0.3341010510921478,2.924482583999634,0.4461347758769989,0.01245104055851698,1.2730684280395508,1.1048474311828609,0.8445784200727015,0.4820955611969683,0.8139906020037238,0.9753112382128168,0.93589857256849,0:00:14.395784,pl_lfg.40.100.ft.d0.7.size_test.transformer.3.256.ah16.ak256.av256-23d8af05,True,2019-05-12 23:17:17,pl_sz-ud-dev.conllu,2.3
0.27115349009442696,0.5911203260170158,0.6594695073997283,0.7111645991483059,0.899000185150898,0.08765282047615643,1.0,1.0,0.7889279763006851,0.28772449546380297,0.9296426587668952,1.0,1.0,0.3347214162349701,2.7767975330352783,0.4366405010223389,0.012319347821176052,1.2719384431838991,1.087737202644348,0.8358961431812453,0.4861493254496642,0.8084194605495336,0.9759196481160022,0.936139820183178,0:00:15.682725,pl_lfg.40.100.ft.d0.7.size_test.transformer.3.256.ah16.ak256.av256-23d8af05,True,2019-05-12 23:17:33,pl_sz-ud-test.conllu,2.3
0.5945080091533179,0.8025748466630229,0.8540717799234834,0.8870327993897787,0.9489702517162472,0.3493046699459525,1.0,1.0,0.9212814645308924,0.6015255530129672,0.9736079328756674,1.0,1.0,0.12701502442359924,2.5169036388397217,0.18298740684986115,0.005655098240822554,1.2487471103668213,0.9458289146423341,0.9404152062550551,0.7767560179527806,0.9304394715556754,0.9886820118334662,0.9766783499595578,0:00:40.503194,pl_lfg.40.100.ft.d0.7.size_test.transformer.3.128.ah16.ak64.av64-23d8af05,True,2019-05-12 23:19:10,pl_lfg-ud-test.conllu,2.3
0.6002290076335878,0.8040737148399612,0.8653006789524733,0.8927480916030535,0.944885496183206,0.3656644034917556,1.0,1.0,0.9261832061068702,0.6066412213740457,0.9738167938931298,1.0,1.0,0.1296379119157791,2.754892110824585,0.17469874024391174,0.005603142082691193,1.249486207962036,0.9689823389053344,0.9430746429533818,0.7799521391094447,0.9348558340070062,0.9881448546363664,0.9768930207491242,0:00:16.041646,pl_lfg.40.100.ft.d0.7.size_test.transformer.3.128.ah16.ak64.av64-23d8af05,True,2019-05-12 23:19:26,pl_lfg-ud-dev.conllu,2.3
0.345069735687116,0.6436505553887721,0.7068447913539477,0.7495367209597191,0.9109528918365356,0.1432002401681177,1.0,1.0,0.8170291621964303,0.35082414902955233,0.9525017068175168,1.0,1.0,0.3923967778682709,2.887669324874878,0.5191205739974976,0.012438234873116016,1.2608643770217896,1.1242319345474243,0.8582321127759553,0.5350005319894643,0.8336731979785442,0.9785490827748572,0.9568224133345156,0:00:13.788013,pl_lfg.40.100.ft.d0.7.size_test.transformer.3.128.ah16.ak64.av64-23d8af05,True,2019-05-12 23:19:40,pl_sz-ud-dev.conllu,2.3
0.3517867061655249,0.6310977787300907,0.6906649525033927,0.7331975560081466,0.9125162007035734,0.1385615313191915,1.0,1.0,0.8064247361599703,0.3561377522680985,0.9540825773005,1.0,1.0,0.3953847587108612,2.745491981506348,0.5256052613258362,0.012947571463882923,1.2588716745376587,1.1111891269683838,0.8496764977732963,0.5400163734820965,0.8243004789513486,0.9788716077417714,0.9583228300142844,0:00:15.029488,pl_lfg.40.100.ft.d0.7.size_test.transformer.3.128.ah16.ak64.av64-23d8af05,True,2019-05-12 23:19:55,pl_sz-ud-test.conllu,2.3
0.6697940503432495,0.8122610015174507,0.8656752655538695,0.8942028985507247,0.9479786422578184,0.4507435508345979,1.0,1.0,0.9279938977879482,0.6769641495041953,0.9743707093821508,1.0,1.0,0.12909598648548126,2.4993438720703125,0.15725189447402954,0.00564028136432171,1.2479705810546875,0.9390541911125184,0.9435157724454032,0.825864617053097,0.9363709894850364,0.9887632379074184,0.9773523860878944,0:00:42.723769,pl_lfg.40.100.ft.d0.7.size_test.transformer.3.64.ah16.ak128.av128-23d8af05,True,2019-05-12 23:21:36,pl_lfg-ud-test.conllu,2.3
0.6737404580152672,0.8133373749621098,0.8683843588966353,0.8968702290076336,0.9493129770992368,0.4580782055168233,1.0,1.0,0.9268702290076336,0.6802290076335877,0.9758778625954201,1.0,1.0,0.13018953800201416,2.735015392303467,0.16769468784332275,0.005587760824710132,1.2490723133087158,0.965520977973938,0.9457693344112099,0.828717235684394,0.9354621395850176,0.9892042625141836,0.9787119374831582,0:00:16.293771,pl_lfg.40.100.ft.d0.7.size_test.transformer.3.64.ah16.ak128.av128-23d8af05,True,2019-05-12 23:21:53,pl_lfg-ud-dev.conllu,2.3
0.4216326928703794,0.6393700787401575,0.6977127859017623,0.7426119184628889,0.915049253876914,0.19512560929883765,1.0,1.0,0.810689554276797,0.4279723007900127,0.9539646932605091,1.0,1.0,0.4203075170516968,2.865968942642212,0.5158430933952332,0.012887264601886272,1.2597779035568235,1.1279531717300415,0.8567248869580637,0.5841944744593761,0.8279102757336644,0.9782693330204189,0.9581523184679492,0:00:14.132245,pl_lfg.40.100.ft.d0.7.size_test.transformer.3.64.ah16.ak128.av128-23d8af05,True,2019-05-12 23:22:07,pl_sz-ud-dev.conllu,2.3
0.4257544899092761,0.6399028502035861,0.6933352382313023,0.7369931494167746,0.9168672468061472,0.19844274591042216,1.0,1.0,0.8113312349564895,0.4316793186446953,0.9561192371783004,1.0,1.0,0.4204732179641724,2.725006341934204,0.4895367920398712,0.012696881778538229,1.2575896978378296,1.1074954271316528,0.8511889757163263,0.5886613839922878,0.8287538862280479,0.9794705048501066,0.9601714141668768,0:00:15.341998,pl_lfg.40.100.ft.d0.7.size_test.transformer.3.64.ah16.ak128.av128-23d8af05,True,2019-05-12 23:22:23,pl_sz-ud-test.conllu,2.3
0.4288329519450801,0.7750789409764391,0.8388389604080642,0.8755148741418765,0.93348588863463,0.15217391304347827,1.0,1.0,0.9147215865751336,0.4418764302059496,0.9590389016018308,1.0,1.0,0.13842979073524475,2.6045095920562744,0.18107977509498605,0.005367262288928032,1.2581918239593506,0.961712121963501,0.9303720679428418,0.5231359065582336,0.9246427608519816,0.9856910822289736,0.9638042599083312,0:00:40.636326,pl_lfg.40.100.ft.d0.7.size_test.transformer.3.256.ah32.ak128.av128-23d8af05,True,2019-05-12 23:24:07,pl_lfg-ud-test.conllu,2.3
0.4333587786259542,0.7750500090925623,0.8463356973995272,0.88,0.9335114503816794,0.1666969752076135,1.0,1.0,0.9196946564885496,0.4468702290076336,0.9609923664122136,1.0,1.0,0.13722965121269226,2.847130060195924,0.18522951006889346,0.00508685689419508,1.2586777210235596,0.9866769313812256,0.9309485313931556,0.5256242068318061,0.9291296146591216,0.9858394453410546,0.9655753166262464,0:00:16.366236,pl_lfg.40.100.ft.d0.7.size_test.transformer.3.256.ah32.ak128.av128-23d8af05,True,2019-05-12 23:24:24,pl_lfg-ud-dev.conllu,2.3
0.2424656198185897,0.6064157463751785,0.6780857937044549,0.729054910757827,0.897786013849605,0.06385696040868455,1.0,1.0,0.8063005949478201,0.2577782112552424,0.9364088559446015,1.0,1.0,0.3610005080699921,2.975699186325073,0.4907501637935638,0.010805443860590458,1.2695026397705078,1.1234227418899536,0.8432485149392677,0.34609851187761537,0.8239205603333629,0.9750891219448878,0.9421934568667436,0:00:14.214176,pl_lfg.40.100.ft.d0.7.size_test.transformer.3.256.ah32.ak128.av128-23d8af05,True,2019-05-12 23:24:38,pl_sz-ud-dev.conllu,2.3
0.2478244769487132,0.608683212931836,0.6773478291967671,0.7237548602110719,0.8979818552119978,0.06952292396824261,1.0,1.0,0.8020736900573968,0.2631920014812072,0.9358452138492872,1.0,1.0,0.3642432987689972,2.8290221691131587,0.5047213435173035,0.010986671783030031,1.2688456773757937,1.1120767593383791,0.8435425594487859,0.3506757161675556,0.8203512309889925,0.9752518366899506,0.9417695991933452,0:00:15.613295,pl_lfg.40.100.ft.d0.7.size_test.transformer.3.256.ah32.ak128.av128-23d8af05,True,2019-05-12 23:24:54,pl_sz-ud-test.conllu,2.3
0.5813882532418001,0.7877573328475133,0.8489706686099472,0.8803203661327231,0.9397406559877955,0.3372806218497601,1.0,1.0,0.9193745232646836,0.5983218916857361,0.9556064073226544,1.0,1.0,0.11636481434106828,2.513923168182373,0.1589623987674713,0.00540744885802269,1.2592856884002686,0.9432707428932192,0.9361687786465356,0.7759319467456648,0.9287543812348342,0.9868028696523162,0.9607710973308168,0:00:40.588577,pl_lfg.40.100.ft.d0.7.size_test.transformer.3.256.ah8.ak128.av128-23d8af05,True,2019-05-12 23:27:29,pl_lfg-ud-test.conllu,2.3
0.5825190839694656,0.7915934831324571,0.8539761371207074,0.8854198473282443,0.9419083969465648,0.3444976076555024,1.0,1.0,0.9221374045801528,0.5988549618320611,0.9578625954198472,1.0,1.0,0.12290942668914795,2.752248525619507,0.15464070439338684,0.005448484793305397,1.2608628273010254,0.9686739444732666,0.9384263001886284,0.7774367611123908,0.931285367825384,0.9880766117408076,0.9628132578819724,0:00:16.345352,pl_lfg.40.100.ft.d0.7.size_test.transformer.3.256.ah8.ak128.av128-23d8af05,True,2019-05-12 23:27:46,pl_lfg-ud-dev.conllu,2.3
0.3375597386130889,0.6250750750750751,0.698948948948949,0.7404662050131668,0.9012971813127864,0.1376876876876877,1.0,1.0,0.8114698137130596,0.3546279137813323,0.934555739783478,1.0,1.0,0.3534230887889862,2.8855495452880864,0.4508252143859863,0.011741735972464085,1.2709195613861084,1.1054710149765017,0.8546856990867985,0.5365998471696511,0.8286195584714957,0.9759495507644724,0.940508910364394,0:00:14.085745,pl_lfg.40.100.ft.d0.7.size_test.transformer.3.256.ah8.ak128.av128-23d8af05,True,2019-05-12 23:28:00,pl_sz-ud-dev.conllu,2.3
0.3420662840214775,0.6190374025602517,0.6846885503826075,0.7285687835586002,0.904091834845399,0.13802474433240364,1.0,1.0,0.8062395852619885,0.3601184965747084,0.9337159785224959,1.0,1.0,0.3523035943508148,2.741386651992798,0.4497159719467163,0.011913870461285114,1.2703067064285278,1.0902897119522095,0.849172338458953,0.5419595846039087,0.8241324258465675,0.9765089992350913,0.9398369884883623,0:00:15.558044,pl_lfg.40.100.ft.d0.7.size_test.transformer.3.256.ah8.ak128.av128-23d8af05,True,2019-05-12 23:28:16,pl_sz-ud-test.conllu,2.3
